Applicant,Applicant type,Applicant country
"1GLOBE BIOMEDICAL CO., LTD.|1GLOBE HEALTH INSTITUTE LLC",NATIONAL,HONG KONG SAR
"3-DIMENSIONAL PHARMACEUTICALS, INC.; EXTON, PA",NATIONAL,US
"A GREY CRAIG,DAVID GRIFFEN,BALDOMERO M OLIVERA,MAREN WATKINS, DAVID R HILLYARD,JULITA IMPERIAL,LOURDES J CRUZ,JOHN D WAGSTAFF, RICHARD T LAYER,ROBERT M JONES,R TYLER MCCABE,COGNETIX INC, UNIVERSITY OF UTAH",NONE,
AARHUS UNIVERSITET (DK),UNIVERSITY,DENMARK
"AARON KAPLAN,JUDY LIEMAN-HURWITZ,SHIMON RACHMILEVITCH, DANIELLA SCHATZ, RON MITTLER",NONE,
ABBOTT LABORATORIES,MULTINATIONAL,US
ABBVIE INC,MULTINATIONAL,US
ABCAM,MULTINATIONAL,UK
"ABT HOLDING COMPANY; CLEVELAND, OH; US;",NATIONAL,US
ACADEMIA SINICA,UNIVERSITY,TAIWAN
ACGT PROGENOMICS,NATIONAL,GERMANY
"ACORDA THERAPEUTICS, INC.; ARDSLEY, NY",NATIONAL,US
ACTIVE BIOTECH AB,NATIONAL,SWEDEN
"ADBIOTECH CO., LTD",NATIONAL,SOUTH KOREA
ADENIUM BIOTECH APS,NATIONAL,DENMARK
ADICET BIO INC,NATIONAL,US
ADISSEO FRANCE S.A.S.; ANTONY,GOVERNMENT,CHINA
ADVANCE CO LTD,MULTINATIONAL,JAPAN
ADVANCED TECHNOLOGIES (CAMBRIDGE) LTD.; AGRICULTURAL GENETICS COMPANY LIMITED; BIOTAL LIMITED; BP NUTRITION LTD; CIBA-GEIGY PLC; IMPERIAL CHEMICAL INDUSTRIES PLC; RHONE-POULENC LTD; SCHERING AGROCHEMICALS LIMITED; SHELL RESEARCH LIMITED; TWYFORD SEEDS LTD; UNILEVER,NATIONAL,UK
ADVANCEMENT OF RESEARCH FOR MYOPATHIES,OTHER,US
ADVAXIS INC [US],NATIONAL,US
AERA HERPEUTICS INC,NONE,
AERA HERPEUTICS INC [US],NONE,
AETERNA ZENTARIS GMBH,MULTINATIONAL,CANADA
AGENCY FOR SCIENCE TECHNOLOGY AMD RESEARCH,GOVERNMENT,SINGAPORE
"AGENCY FOR SCIENCE, TECHNOLOGY AND RESEARCH; SINGAPORE",GOVERNMENT,SINGAPORE
AGENNIX AG,NATIONAL,GERMANY
"AGENTA BIOTECHNOLOGIES, INC.; BIRMINGHAM, AL; US;",NATIONAL,US
AGENUS,MULTINATIONAL,US
AGILENT TECHNOLOGIES,MULTINATIONAL,US
AGRES LTD [NZ],NATIONAL,NEW ZEALAND
AGRIGENESIS BIOSCIENCES LIMITED AND RUBICON FOREST HOLDINGS LIMITED; AUCKLAND; NZX;,NATIONAL,NEW ZEALAND
AGRIVIDA INC [US],NATIONAL,US
"AGRIVIDA, INC",NATIONAL,US
"AGY THERAPEUTICS, INC.; SOUTH SAN FRANCISCO, CA",NATIONAL,US
AIST,UNIVERSITY,JAPAN
AIT AUSTRIAN INSTITUTE OF TECHNOLOGY GMBH; VIENNA,UNIVERSITY,AUSTRIA
AIX-MARSEILLE UNIVERSITY,UNIVERSITY,FRANCE
AJINOMOTO,MULTINATIONAL,JAPAN
AJOU UNIVERSITY INDUSTRY-ACADEMIC COOPERATION FOUNDATION,UNIVERSITY,SOUTH KOREA
"AKESO BIOPHARMA, INC",NATIONAL,BVI
AKITA PREFECTURAL UNIVERSITY,UNIVERSITY,JAPAN
AKZO N.V,NONE,
AKZO NOBEL N.V. (NL),NONE,
AKZO NOBEL N.V.; ARNHEM; WOX;,NONE,
AKZO NOBEL NV,NONE,
ALBERTA RESEARCH COUNCIL INC,GOVERNMENT,CANADA
ALELLYX SA [BR],NATIONAL,BRAZIL
"ALEXANDER DEITERS,PETER SCHULTZ",NONE,
ALGENICS [FR]; CARLIER AUDE [FR]; MICHEL REMY [FR]; CADORET JEAN-PAUL [FR]; LEJEUNE ALEXANDRE [FR]; DUFOURMANTEL NATHALIE [FR],NATIONAL,FRANCE
"ALGENOL BIOTECH LLC; FORT MYERS, FL",MULTINATIONAL,US
ALLARITY,NATIONAL,US
"ALLIANCE FOR SUSTAINABLE ENERGY, LLC; GOLDEN, CO",GOVERNMENT,US
ALLOGENE THERAPEUTICS INC [US],NATIONAL,US
ALNYLAM PHARMACEUTICALS,MULTINATIONAL,US
ALTIUS INSTITUTE FOR BIOMEDICAL SCIENCES,UNIVERSITY,US
ALTRIA GROUP,MULTINATIONAL,US
AMALGAAM CO LTD,NONE,
"AMANO ENZYME INC,YUZO KOJIMA,YUKI FUJIOKA",NONE,
AMBRX,NATIONAL,US
"AMERGEN, INC.; REDWOOD CITY, CA",NONE,
AMGEN,MULTINATIONAL,US
"AMICUS THERAPEUTICS, INC",MULTINATIONAL,US
AMIKANA BIOLOG [FR],NATIONAL,FRANCE
AMOREPACIFIC CORPORATION,MULTINATIONAL,SOUTH KOREA
AMYRIS,NATIONAL,US
ANAEROPHARMA SCIENCE,UNIVERSITY,JAPAN
ANAPTYSBIO INC,NATIONAL,US
ANDRESS DENNIS L (US),NONE,
"ANERGEN, INC.; SEATTLE, WA",NATIONAL,US
"ANOSYS, INC. (US)",NATIONAL,US
"ANTICANCER, INC. (US)",NONE,
"ANTIGENICS INC,UNIVERSITY OF CONNECTICUT HEALTH CENTER",NATIONAL,US
ANZA THERAPEUTICS INC,NATIONAL,US
AOMORI PREFECTURE,GOVERNMENT,JAPAN
APIT LABORATORIES,UNIVERSITY,GERMANY
APOLLO LIFE SCIENCES LIMITED,NONE,
APPLIED GENETICS LABORATORIES,MULTINATIONAL,US
APPLIED MOLECULAR TRANSPORT,NATIONAL,US
APPLIGENE ONCOR S A (FR); OZANNE VALERIE (FR),NATIONAL,FRANCE
APRES-DEMAIN SA,NATIONAL,SWITZERLAND
AQUA BIO TECHNOLOGY ASA,NATIONAL,NORWAY
AQUA HEALTH (EUROPE) LIMITED (GB),NATIONAL,UK
AQUABIO PRODUCTS,NATIONAL,US
ARAVA BIO-TECH LTD.; NETANYA,NATIONAL,ISRAEL
ARCH DEVELOPMENT CORPORATION (US),OTHER,US
"ARCHER-DANIELS-MIDLAND COMPANY; DECATUR, IL; US;",MULTINATIONAL,US
ARCTICZYMES,NATIONAL,NORWAY
ARDRA BIO,NATIONAL,CANADA
"ARENA PHARMACEUTICALS, INC.; SAN DIEGO, CA",NONE,
ARES TRADING S.A.; AUBONNE,NATIONAL,PANAMA
ARRAY(0X1406C2070),NONE,
ASAHI,NATIONAL,JAPAN
ASKA PHARMACEUTICAL,NATIONAL,JAPAN
ASKBIO,MULTINATIONAL,US
ASS POUR LE DEV DE LA RECH (FR),NATIONAL,FRANCE
ASSOCIATES OF CAPE COD INC,MULTINATIONAL,US
ASTELLAS PHARMA INC,MULTINATIONAL,JAPAN
ASTELLAS PHARMA INC ,MULTINATIONAL,JAPAN
ASTON UNIVERSITY (GB),UNIVERSITY,UK
ASTRA AKTIEBOLAG; WOX;,NATIONAL,SWEDEN
ASTRAZENECA AB,MULTINATIONAL,UK
ASYMCHEM LABORATORIES,MULTINATIONAL,CHINA
ATRIUM HEALTH,OTHER,US
ATTO CORPRATION,NATIONAL,JAPAN
ATYR PHARMA,NATIONAL,US
"AUBURN UNIVERSITY; AUBURN, AL; US;",UNIVERSITY,US
AUCKLAND UNISERVICES LIMITED; AUCKLAND; NZ;,UNIVERSITY,NEW ZEALAND
"AURELIUM BIOPHARMA, INC.; MONTREAL, QUEBEC; CA;",NATIONAL,CANADA
"AURORA ALGAE, INC.; HAYWARD, CA",NATIONAL,US
AUSTRIAN ACADEMY OF SCIENCES,UNIVERSITY,AUSTRIA
AUTONOMOUS UNIVERSITY OF BARCELONA,UNIVERSITY,SPAIN
AVARIS AB,NATIONAL,SWEDEN
AVESTHA GEN,NATIONAL,INDIA
AXCELLA,NATIONAL,US
AXXAM SPA,NATIONAL,ITALY
AZABU UNIVERSITY,UNIVERSITY,JAPAN
"AZTE,HATEM MOHAMED,WIM VERMAAS",NONE,
B FOOD SCIENCE CO LTD,NATIONAL,JAPAN
B.R.A.I.N. BIOTECHNOLOGY RESEARCH AND INFORMATION NETWORK GMBH (DE),MULTINATIONAL,GERMANY
BAKER HUGHES INC [US],MULTINATIONAL,US
"BAKER HUGHES, A GE COMPANY, LLC; HOUSTON, TX",MULTINATIONAL,US
BAR-ILAN UNIVERSITY (IL),UNIVERSITY,ISRAEL
"BARBARA J WINSLOW,MARK D COCHRAN",NONE,
BARBEYRON TRISTAN (FR); GOEMAR LAB SA (FR); FLAMENT DIDIER (FR); KLOAREG BERNARD (FR); POTIN PHILIPPE (FR); YVIN JEAN CLAUDE (FR),NONE,
"BARENTIS INC,BAYLOR COLLEGE OF MEDICINE",NONE,
BARTORELLI CUSANI ALBERTO [MC],NONE,
BASF,MULTINATIONAL,GERMANY
"BASSLER L BONNIE,MICHAEL G SURETTE",NONE,
BATELLE MEMORIAL INSTITUTE,UNIVERSITY,US
BAXTER INTERNATIONAL,MULTINATIONAL,US
BAYER,MULTINATIONAL,GERMANY
BAYLOR COLLEGE,UNIVERSITY,US
"BAYLOR COLLEGE OF MEDECINE,WYETH",NONE,
"BEATTY GREGORY [US], ENGELS BORIS [US], IDAMAKANTI NEERAJA [US], JUNE CARL H [US], LOEW ANDREAS [US], MILONE MICHAEL C [US], SONG HUIJUAN [CN], WANG ENXIU [US], WU QILONG [CN]",NONE,
"BECTON, DICKINSON AND COMPANY",MULTINATIONAL,US
BEHRINGWERKE AKTIENGESELLSCHAFT,NONE,
"BELLBROOK LABS, LLC; MADISON, WI",NATIONAL,US
BELLICUM PHARMACEUTICALS INC,NATIONAL,US
BEN GURION UNIVERSITY OF THE NEGEV RESEARCH AND DEVELOPMENT,UNIVERSITY,ISRAEL
BENCHMARK ANIMAL HEALTH LIMITED; SHEFFIELD,MULTINATIONAL,UK
BENITEC BIOPHARMA,NATIONAL,US
BENSON HILL BIOSYSTEMS,MULTINATIONAL,US
"BERNT TH WALTHER,MIRUSHE H MIFTARI",NONE,
BIO ARCHITECTURE LAB,NATIONAL,US
BIO MERIEUX (FR),MULTINATIONAL,FRANCE
BIOCENTURY,NATIONAL,US
"BIOCHECK, INC. AND ANGIOGENEX, INC.; FOSTER CITY, CA; US;",NATIONAL,US
BIOGASOL APS,NATIONAL,DENMARK
BIOGEN INC,MULTINATIONAL,US
"BIOGLOW INC,ALEXANDER KRICHEVSKY",NONE,
"BIOGLOW, LLC; ST. LOUIS, MO",NATIONAL,US
BIOLIGHT LIFE SCIENCES,NATIONAL,ISRAEL
BIOMARIN PHARM INC [US],NATIONAL,US
BIOMED VALLEY DISCOVERIES,NATIONAL,US
BIOMOLECULAR ENGINEERING RESEARCH INSTITUTE,UNIVERSITY,US
"BIONOMICS LIMITED; THEBARTON, SA",NATIONAL,AUSTRALIA
BIONTECH AG; MAINZ,MULTINATIONAL,GERMANY
BIOPETROLIA AB; GOTEBORG,NATIONAL,SWEDEN
"BIOPTIK TECHNOLOGY, INC.; TAIPEI; TW;",NATIONAL,TAIWAN
BIORIGHT WORLDWIDE COMPANY LTD [VG],NATIONAL,BVI
BIORIGINAL FOOD & SCIENCE CORP. (CA),MULTINATIONAL,CANADA
BIOSEARCH TECHNOLOGIES,MULTINATIONAL,UK
BIOSENSE LABORATORIES AS (NO),NATIONAL,NORWAY
BIOSYN ARZNEIMITTEL GMBH (DE),MULTINATIONAL,GERMANY
BIOSYNTIA APS,NATIONAL,DENMARK
"BIOTAILOR, INC.; MIAMI, FL",NATIONAL,US
BIOTECH INNOVATIONS SP. Z O. O,NATIONAL,POLAND
"BIOTHERANOSTICS, INC. AND HARVARD MEDICAL SCHOOL; SAN DIEGO, CA; US;",NATIONAL,US
"BIOVENDOR LABORATORY MEDICINE, INC.; BRNO",NATIONAL,CHECHIA
BIRCHMEIER WALTER (DE); BEHRENS JUERGEN (DE),NONE,
BIRD ENGINEERING B V [NL]; CORBION,NONE,
"BIZEN CHEMICAL CO LTD,IWATE PREFECTURE",NONE,
"BLOOM TECHNOLOGY CO., LTD.; TOKYO",NATIONAL,JAPAN
"BLUE GENOMICS CHILE SPA [CL], MCKAY JAMES [GB]",NONE,
"BLUEPRINT MEDICINES CORPORATION; CAMBRIDGE, MA",MULTINATIONAL,US
BOEHRIGER INGELHEIM,MULTINATIONAL,GERMANY
BOEHRINGER GROUP,MULTINATIONAL,US
BOGAERT THIERRY ANDRE OLIVIER (BE); DERAEYMAEKER MARC (BE),NONE,
BONUMOSE,NATIONAL,US
"BOREAL GENOMICS INC. AND THE UNIVERSITY OF BRITISH COLUMBIA; VANCOUVER, BRITISH COLUMBIA; UNKNOWN;",NATIONAL,CANADA
"BOSTON MEDICAL CENTER CORPORATION; BOSTON, MA",NATIONAL,US
BOSTON UNIVERSITY,UNIVERSITY,US
BOYCE THOMPSON INSTITUTE FOR PLANT RESEARCH,UNIVERSITY,US
BP PLC,MULTINATIONAL,UK
"BRANDEIS UNIVERSITY; WALTHAM, MA",UNIVERSITY,US
BRISTOL-MYERS SQUIBB COMPANY,MULTINATIONAL,US
BRITISH AMERICAN TOBACCO (INVESTMENTS) LTD [GB],MULTINATIONAL,UK
"BRITISH COLUMBIA CANER AGENCY BRANCH, ADAERATA, LIMITED PARTNERSHIP, VALORISATION-RECHERCHE, LIMITED PARTNERSHIP AND RSEM, LIMITED PARTNERSHIP; VANCOUVER; CA;",GOVERNMENT,CANADA
"BROOKHAVEN SCIENCE ASSOCIATES LLC,CARL ANDRE,JOHN SANKLIN",NONE,
BROWN UNIVERSITY (US),UNIVERSITY,US
BRUCE J BRYAN,NONE,
"BRUCE J BRYAN,CHRISTOPHER SZENT-GYORGYI,WILLIAM SZCZEPANIAK",NONE,
"BUCKMAN LABORATORIES INTERNATIONAL INC, UNIVERSITE DU QUEBEC A TROIS-RIVIERES",MULTINATIONAL,US
"BURNHAM INSTITUTE FOR MEDICAL RESEARCH; LA JOLLA, CA; US;",UNIVERSITY,US
C-LECTA GMBH (DE),MULTINATIONAL,GERMANY
"CALCIMEDICA, INC.; LA JOLLA, CA; US;",NATIONAL,US
"CALIFORNIA INSTITUTE OF TECHNOLOGY; PASADENA, CA",UNIVERSITY,US
"CALYSTA, INC",NATIONAL,US
"CALYX BIO-VENTURES INC,AGRISOMA BIOSCIENCES INC",NATIONAL,CANADA
CAMBREX IEP GMBH,MULTINATIONAL,US
CAMPOS GOMEZ JAVIER,NONE,
CANCER RESEARCH UK,OTHER,UK
"CANON INC,MARINE BIOTECHNOLOGY INST",NONE,
"CARDIUM THERAPEUTICS, INC. (US)",NATIONAL,US
CARGILL INC,MULTINATIONAL,US
"CARIBOU BIOSCIENCES, INC",NONE,
"CARITAS ST. ELIZABETH'S MEDICAL CENTER OF BOSTON, INC.; BOSTON, MA",OTHER,US
CARNEGIE INSTITUTION OF WASHINGTON,UNIVERSITY,US
"CASE WESTERN RESERVE UNIVERSITY; CLEVELAND, OH; US;",UNIVERSITY,US
"CATALENT, INC",MULTINATIONAL,US
CATHOLIC UNIVERSITY INDUSTRY ACADEMIC COOPERATION FOUNDATION,UNIVERSITY,SOUTH KOREA
CAYLA,NONE,
CBIO LIMITED,NATIONAL,UK
CELANESE CORPORATION,MULTINATIONAL,US
CELANESE CORPORATION),NONE,
CELESTAR LEXICO-SCIENCES INC,NATIONAL,JAPAN
CELLDEX,NATIONAL,US
CELLECTIS,NATIONAL,FRANCE
CELLFREE SCIENCE CO LTD,NATIONAL,JAPAN
CELLIVERY THERAPEUTICS INC [KR],NATIONAL,SOUTH KOREA
CELLSCRIPT INC,NATIONAL,US
CELLVIR; FR;,NATIONAL,FRANCE
"CEMINES, INC.; GOLDEN, CO",NATIONAL,US
"CENES PHARMACEUTICALS, INC.; NORWOOD, MA; GBX;",NATIONAL,US
CENIX BIOSCIENCE GMBH; DRESDEN; DE;,NATIONAL,GERMANY
CENTRAL RESEARCH INSTITUTE OF ELECTRIC POWER INDUSTRY,UNIVERSITY,JAPAN
CENTRE FOR ADDICTION AND MENTAL HEALTH; TORONTO,OTHER,CANADA
CENTRE SCIENTIFIQUE DE MONACO|CORALIOTECH,UNIVERSITY,MONACO
CENTRO DE ESTUDIOS CIENTIFICOS CECS [CL],UNIVERSITY,CHILE
CEPTYR INC,NATIONAL,US
"CERYLID PTY., LTD.; RICHMOND; AUX;",NATIONAL,AUSTRALIA
CHAGNON FAMILY,MULTINATIONAL,CANADA
CHANG GUNG UNIVERSITY; TAOYUAN,UNIVERSITY,TAIWAN
CHEJU NATIONAL UNIVERSITY INDUSTRY-ACADEMIC COOPERATION FOUNDATION,UNIVERSITY,SOUTH KOREA
CHEMICALS EVALUATION AND RESEARCH INSTITUTE JAPAN,UNIVERSITY,JAPAN
CHEMICO INTERNATIONAL INC,NATIONAL,US
CHEVRON,MULTINATIONAL,US
CHIBA UNIVERSITY,UNIVERSITY,JAPAN
"CHIKYU KANKYO SANGYO GIJUTSU KENKYU KIKO, SUMITOMO CHEM CO LTD",NONE,
"CHILDREN'S HOSPITAL & RESEARCH CENTER AT OAKLAND; OAKLAND, CA; US;",OTHER,US
"CHILDREN'S HOSPITAL, INC. (US)",NONE,
"CHILDREN'S MEDICAL CENTER CORPORATION; BOSTON, MA",OTHER,US
CHILDRENS MEDICAL CENTER [US],OTHER,US
CHINA PHARMACEUTICAL UNIVERSITY,UNIVERSITY,CHINA
CHINESE ACADEMY OF SCIENCES; HUBEI PROVINCE; CN;,UNIVERSITY,CHINA
CHISSO CORPORATION,NATIONAL,JAPAN
"CHOKO SHOYU MISO KYODO KUMIAI,JST",NONE,
"CHONDROGENE LIMITED; TORONTO, ONTARIO; CA;",NATIONAL,CANADA
CHONNAM NAT UNIVERSITY [KR],UNIVERSITY,SOUTH KOREA
CHONNAM NATIONAL UNIVERSITY,UNIVERSITY,SOUTH KOREA
CHR HANSEN,MULTINATIONAL,DENMARK
CHRISTIAN PETZELT,NONE,
"CHRISTIANA CARE HEALTH SERVICES INC [US], NOVELLUSDX LTD [IL]",OTHER,US
CHUNG ANG UNIVERSITY INDUSTRY ACADEMIC COOPERATION FOUNDATION,UNIVERSITY,SOUTH KOREA
CHUNG-ANG UNIVERSITY INDUSTRY-ACADEMY COOPERATION FOUNDATION,UNIVERSITY,SOUTH KOREA
CHUNG-ANG UNIVERSITY INDUSTRY-ACADEMY COOPERATION FOUNDATION|SEOUL NATIONAL UNIVERSITY,UNIVERSITY,SOUTH KOREA
CHUNGBUK NATIONAL UNIVERSITY INDUSTRY-ACADEMIC COOPERATION FOUNDATION,UNIVERSITY,SOUTH KOREA
CIBLEX CORP,NATIONAL,US
CIBUS US LLC,NATIONAL,US
CIEMAT,UNIVERSITY,SPAIN
CIGB,UNIVERSITY,CUBA
CINCINNATI UNIVERSITY,UNIVERSITY,US
CITIGROUP,MULTINATIONAL,US
"CITY OF HOPE; DUARTE, CA",NONE,
CJ CHEILJEDANG CORP,MULTINATIONAL,SOUTH KOREA
CLARIANT INT LTD [CH],MULTINATIONAL,SWITZERLAND
"CLEAR SOLUTIONS BIOTECH, INC.; STONY BROOK, NY",NATIONAL,US
CLERMONT AUVERGNE UNIVERSITY,UNIVERSITY,FRANCE
CNA DIAGNOSTICS INC.; CALGARY,NATIONAL,CANADA
CNRS,UNIVERSITY,FRANCE
"CODA THERAPEUTICS, INC.; SAN DIEGO, CA",NATIONAL,US
CODEXIS INC [US],NATIONAL,US
"COGNETIX INC,UNIVERSITY OF UTAH",NONE,
COLD SPRING HARBOR LABORATORY,UNIVERSITY,US
"COLORADO SCHOOL OF MINES; GOLDEN, CO",UNIVERSITY,US
COLUMBIA UNIVERSITY,UNIVERSITY,US
COMMISSARIAT A L'ENERGIE ATOMIQUE ET AUX ENERGIES,GOVERNMENT,FRANCE
COMMISSARIAT A LENERGIE ATOMIQUE ET AUX ENERGIES,GOVERNMENT,FRANCE
COMMISSARIAT ENERGIE ATOMIQUE,GOVERNMENT,FRANCE
COMPUGEN LTD. (IL),NATIONAL,ISRAEL
CONTRAFECT CORPORATION,NATIONAL,US
COOKE INC,MULTINATIONAL,US
CORBION,MULTINATIONAL,NETHERLANDS
"COREY S GOODMAN,THOMAS KIDD,KEVIN J MITCHELL,GUY TEAR, UNIVERSITY OF CALIFORNIA",NONE,
CORNELL UNIVERSITY,UNIVERSITY,US
CORTEVA,NATIONAL,US
"CREATIVE BIOMOLECULES, INC.; HOPKINTON, MA",NATIONAL,US
CRG,UNIVERSITY,SPAIN
"CROPSOLUTION, INC.; MORRISVILLE, NC; US;",NATIONAL,US
"CRP40 INC.; OTTAWA, ONTARIO",NATIONAL,CANADA
"CRYSTAX PHARMACEUTICALS, S.L. (ES)",NATIONAL,SPAIN
CSIR,UNIVERSITY,INDIA
CSIRO,UNIVERSITY,AUSTRALIA
CUNY,UNIVERSITY,US
CUREVAC AG,MULTINATIONAL,GERMANY
CURIA,MULTINATIONAL,US
"CURIS, INC.; CAMBRIDGE, MA; US;",NATIONAL,US
"CYTOKINETICS, INC",NATIONAL,US
"CYTOVIA, INC.; TARRYTOWN, NY; US;",NATIONAL,US
DAESANG CORPORATION,MULTINATIONAL,SOUTH KOREA
DAHALER CORPORATION,MULTINATIONAL,US
"DAIICHI SANKYO COMPANY, LIMITED; TOKYO",MULTINATIONAL,JAPAN
DAIKIN INDUSTRIES,MULTINATIONAL,JAPAN
DAIRYNZ,NATIONAL,NEW ZEALAND
DALIA COHEN ET AL,NONE,
DANA FARBER CANCER INSTITUTE,UNIVERSITY,US
"DANA-FARBER CANCER INSTITUTE, INC.; BOSTON, MA",UNIVERSITY,US
DANAHER CORP ,MULTINATIONAL,US
DANMARKS TEKNISKE UNIV [DK],UNIVERSITY,DENMARK
DAVID K R KARAOLIS,NONE,
DEINABETSUKU KENKYUSHO:KK,NONE,
"DELTAGEN, INC. (US)",NATIONAL,US
DEPARTMEN OF HEALTH AND HUMAN SERVICES,NONE,
"DEPARTMENT OF BIOTECHNOLOGY (DBT), ALL INDIA INSTITUTE OF MEDIAL SCIENCES (AIIMS) AND NATIONAL BRAIN RESEARCH CENTRE (NBRC); NEW DELHI; IN;",GOVERNMENT,INDIA
DEPARTMENT OF HEALTH AND HUMAN SERVICES,GOVERNMENT,US
DEPARTMENT OF HEALTH AND HUMAN SERVICES (US),GOVERNMENT,US
DFKZ,UNIVERSITY,GERMANY
DIACARTA LTD; GEORGE TOWN,NATIONAL,US
DIBERUSA CORP,NONE,
"DIC CORPORATION, INTER-UNIVERSITY RESEARCH INSTITUTE CORPORATION RESEARCH ORGANIZATION OF INFORMATION AND SYSTEMS",NONE,
DIERL STEFAN (DE); RUETERJANS HEINZ (DE),NONE,
DIEVINI,MULTINATIONAL,GERMANY
"DIRECTOR GENERAL OF AGENCY OF INDUSTRIAL SCIENCE AND TECHNOLOGY, RAKUTO KASEI INDUSTRIAL CO LTD",NONE,
DK HOLDINGS COMPANY LTD,NATIONAL,SOUTH KOREA
DKFZ,UNIVERSITY,GERMANY
DKK-TOA CORPORATION,NONE,
DNA ESSENCE GMBH,NATIONAL,SWITZERLAND
"DNA TWOPOINTO, INC.; MENLO PARK, CA",NATIONAL,US
DOHENY EYE INSTITUTE,UNIVERSITY,US
"DOHENY EYE INSTITUTE RANGARAJAN SAMPATH,STEVEN HOFSTADLER,JOHN MCNEIL,STANLEY T CROOKE",UNIVERSITY,US
DONG-A UNIVERSITY RESEARCH FOUNDATION FOR INDUSTRY-ACADEMY COOPERATION,UNIVERSITY,SOUTH KOREA
"DONG-EUI EDUCATIONAL, FOUNDATION",NONE,
DONG-EUI UNIVERSITY INDUSTRY-ACADEMIC COOPERATION FOUNDATION|MYONGJI UNIVERSITY INDUSTRY AND ACADEMIA COOPERATION FOUNDATION,UNIVERSITY,SOUTH KOREA
DONGBU FARM HANNONG CO LTD,MULTINATIONAL,SOUTH KOREA
DONGGUK UNIVERSITY GYEONGJU CAMPUS INDUSTRY-ACADEMY COOPERATION FOUNDATION,UNIVERSITY,SOUTH KOREA
DOW,MULTINATIONAL,US
"DREXEL UNIVERSITY; PHILADELPHIA, PA",UNIVERSITY,US
DSM IP ASSETS,MULTINATIONAL,NETHERLANDS
DSM IP ASSETS BV,MULTINATIONAL,NETHERLANDS
DU PONT,MULTINATIONAL,US
DUKE UNIVERSITY,UNIVERSITY,US
"DUKE UNIVERSITY AND JANSSEN DIAGNOSTICS, LLC; DURHAM, NC; US;",UNIVERSITY,US
"DUKE UNIVERSITY; DURHAM, NC",UNIVERSITY,US
DZNE,UNIVERSITY,GERMANY
"EAST CAROLINA UNIVERSITY,JONATHAN W NYCE",UNIVERSITY,US
EAST CHINA UNIVERSITY OF SCIENCE AND TECHNOLOGY,UNIVERSITY,CHINA
EAST CHINA UNIVERSITY OF SCIENCE AND TECHNOLOGY; SHANGHAI,UNIVERSITY,CHINA
EAST CHINA UNIVERSITY SCIENCE AND TECHNOLOGY,UNIVERSITY,CHINA
EBARA CORPORATION,MULTINATIONAL,JAPAN
ECLOSION VENTURES,MULTINATIONAL,SWITZERLAND
ECOLE DE BIOLOG IND EBI [FR],UNIVERSITY,FRANCE
EHIME UNIVERSITY,UNIVERSITY,JAPAN
EIKEN KAGAKU KABUSHIKI KAISHA; TOKYO; JP;,NATIONAL,JAPAN
EISAI,MULTINATIONAL,JAPAN
ELEMENTAL EMZYMES,NATIONAL,US
ELI LILLY AND COMPANY,MULTINATIONAL,US
ELIGO BIOSCIENCE [FR],NATIONAL,FRANCE
"ELITRA PHARMACEUTICALS, INC.; SAN DIEGO, CA",NATIONAL,US
ELOXX PHARMACEUTICALS INC,NATIONAL,US
ELSTAR THERAPEUTICS INC [US],NATIONAL,US
"EMBL,BADEN-WURTTEMBERG STIFTUNG GGMBH",NATIONAL,GERMANY
"EMORY UNIVERSITY; ATLANTA, GA",UNIVERSITY,US
"ENCODED THERAPEUTICS, INC.; SOUTH SAN FRANCISCO, CA",NATIONAL,US
ENEOS,MULTINATIONAL,US
ENGINEERED ANTIGENS INC,NATIONAL,CANADA
ENTERPRISE IRELAND (BIORESEARCH IRELAND),GOVERNMENT,IRELAND
"ENZON PHARMACEUTICALS, INC. AND SANTARIS PHARMA A/S; BRIDGEWATER, NJ; US;",NATIONAL,US
ENZYMATICA AB,NATIONAL,SWEDEN
"EOS BIOTECHNOLOGY, INC.; SOUTH SAN FRANCISCO, CA",NATIONAL,US
EPIPLANTA BIOTECH LTD [CN],NATIONAL,CHINA
EPIPLANTA BIOTECH LTD.; BEIJING,NATIONAL,CHINA
ESSEX BIO-TECHNOLOGY LIMITED,MULTINATIONAL,HONG KONG SAR
ETH ZURICH,UNIVERSITY,SWITZERLAND
"EUCLID DIAGNOSTICS LLC; CROWN POINT, IN",NATIONAL,US
EULJI UNIVERSITY INDUSTRY ACADEMY COOPERATION FOUNDATION,UNIVERSITY,SOUTH KOREA
EUROIMMUN,MULTINATIONAL,GERMANY
EUROP LAB MOLEKULARBIOLOG (DE); ZHANG YOUMING (DE),NONE,
EVAXION BIOTECH APS [DK],NATIONAL,DENMARK
EVOGENE,NATIONAL,ISRAEL
EVOLVA,NATIONAL,SWITZERLAND
EVONETIX LTD [GB],NATIONAL,UK
EVONIK,MULTINATIONAL,GERMANY
EVOTEC,MULTINATIONAL,GERMANY
"EVOXX TECH GMBH [DE], FORSCHUNGSZENTRUM JULICH GMBH [DE]",NONE,
EVROGEN,NATIONAL,RUSSIA
EWHA UNIVERSITY,UNIVERSITY,SOUTH KOREA
EWHA UNIVERSITY - INDUSTRY COLLABORATION FOUNDATION,UNIVERSITY,SOUTH KOREA
EXACT SCIENCES CORPORATION (US),MULTINATIONAL,US
EXELIXIS,NATIONAL,US
EXONHIT THERAPEUTICS S.A.; PARIS; FR;,NATIONAL,US
EXONHIT THERAPEUTICS SA; PARIS,NATIONAL,US
"EXPRESSIVE CONSTRUCTS, INC. (US)",NONE,
EXPRESSTEC,NATIONAL,US
EXSYMOL S.A.M. (MC),NATIONAL,MONACO
EXXONMOBIL,MULTINATIONAL,US
EZAKI GLICO,MULTINATIONAL,JAPAN
FARMHANNONG,MULTINATIONAL,SOUTH KOREA
FENC,MULTINATIONAL,TAIWAN
"FIBROSTATIN, SOCIEDAD LIMITADA; VALENCIA",NATIONAL,SPAIN
FISHERIES RESEARCH AGENCY,GOVERNMENT,JAPAN
"FLAGSHIP PIONEERING INNOVATIONS VI, LLC",NONE,
"FLORIGENE LIMITED,THE UNIVERSITY OF QUEENSLAND",NATIONAL,AUSTRALIA
FONDAZIONE TELETHON; ROME,NATIONAL,ITALY
FONTERRA,MULTINATIONAL,NEW ZEALAND
"FORSYTH DENTAL INFIRMARY FOR CHILDREN; CAMBRIDGE, MA",UNIVERSITY,US
FOURNIER ALAIN (FR); MERKEN LUC (FR),NONE,
FRAUNHOFER,UNIVERSITY,GERMANY
FRED HUTCHINSON CANCER RESEARCH CENTER,UNIVERSITY,US
FUJIFILM,MULTINATIONAL,JAPAN
FUJIKOKI CORPORATION; TOKYO,NATIONAL,JAPAN
FUJIKURA KASEI,MULTINATIONAL,JAPAN
FUJIREBIO INC,MULTINATIONAL,JAPAN
FUJITA ACADEMY,UNIVERSITY,JAPAN
FUJITA HEALTH UNIVERSITY,UNIVERSITY,JAPAN
FUKUI PREFECTURE,GOVERNMENT,JAPAN
FUKUOKA UNIVERSITY,UNIVERSITY,JAPAN
"FUNDACION PARA LA INVESTIG MEDICA APLICADA [ES], CONSORCIO CENTRO DE INVESTIG BIOMEDICA EN RED DEL AREA DE ENFERMEDADES NEURODEGENERATIVAS M P CIBERN [ES], HANDL THERAPEUTICS BV [BE]",NONE,
G&P BIOSCIENCES,NATIONAL,US
GALAPAGOS,MULTINATIONAL,BELGIUM
GARVAN INSTITUTE OF MEDICAL RESEARCH; DARLINGHURST,UNIVERSITY,AUSTRALIA
"GARY R BRIGHT,D DAVID PREMKUMAR",NONE,
GE HEALTHCARE,MULTINATIONAL,US
"GEKKEIKAN SAKE COMPANY LTD,KOBE UNIVERSITY",NONE,
GELTOR,NATIONAL,US
GENARIS INC,NATIONAL,JAPAN
GENE BRIDGES GMBH,NATIONAL,GERMANY
GENE STREAM PTY LTD,NATIONAL,US
"GENECARE RESEARCH INSTITUTE CO., LTD.; KANAGAWA",UNIVERSITY,JAPAN
GENECHEM INC,NATIONAL,SOUTH KOREA
GENECOPOEIA,NATIONAL,US
"GENENCOR INTERNATIONAL, INC. (US); THE PROCTER & GAMBLE COMPANY (US)",NONE,
GENEPOD THERAPEUTICS AB; LUND,NATIONAL,SWEDEN
"GENERVON BIOPHARMACEUTICALS LLC; MONTEBELLO, CA",NATIONAL,US
"GENESTEM CO., LTD. AND OSAKA URBAN INDUSTRY PROMOTION CENTER; OSAKA-SHI; JP;",NATIONAL,JAPAN
GENESYS LTD GB,MULTINATIONAL,UK
"GENETECH, INC.; SOUTH SAN FRANCISCO, CA",NATIONAL,US
"GENETHON [FR], UNIV DEVRY VAL DESSONNE [FR], INSERM",NATIONAL,FRANCE
GENIZON BIOSCIENCES INC [CA],NATIONAL,CANADA
GENOMAR,MULTINATIONAL,NORWAY
"GENOMATICA, INC",NONE,
"GENOMATICA, INC.; SAN DIEGO, CA",NATIONAL,US
GENOPTIX,NATIONAL,US
GEORG-AUGUST-UNIVERSITAET GOETTINGEN (DE); NORDDEUTSCHE PFLANZENZUCHT (DE),UNIVERSITY,GERMANY
"GEORGE MASON UNIVERSITY; FAIRFAX, VA",UNIVERSITY,US
GEVO INC,NATIONAL,US
"GIFU UNIVERSITY,KYOTO UNIVERSITY",NATIONAL,JAPAN
GILEAD,MULTINATIONAL,US
GILUPI GMBH,NATIONAL,GERMANY
GINKGO,MULTINATIONAL,US
GLOBAL CLEAN ENERGY HOLDINGS,NATIONAL,US
GLYCOBIA,NATIONAL,US
GLYCODE; UZERCHE,NATIONAL,FRANCE
"GLYCOFI, INC. (US)",NONE,
"GLYENCE CO LTD,HIROSHIMA UNIVERSITY",NONE,
GOETHE UNIVERSITY FRANKFURT,UNIVERSITY,GERMANY
GOLDSCHMIDT,NONE,
GOVERNMENT OF CHINA,GOVERNMENT,CHINA
GOVERNMENT OF FRANCE,GOVERNMENT,FRANCE
GOVERNMENT OF MALAYSIA AS REPRESENTED BY THE MINISTRY OF SCIENCE TECHNOLOGY AND INNOVATION; PUTRAJAYA; MY;,GOVERNMENT,MALAYSIA
GOVERNORS OF THE UNIVERSITY OF ALBERTA; EDMONTON; CA;,UNIVERSITY,CANADA
"GREEN CHEMICALS CO., LTD.; KYOTO",NATIONAL,JAPAN
"GREEN CORSS VETERINARY PORDUCTS CO., LTD",NONE,
GREEN PHENOL DEVELOPMENT,NATIONAL,JAPAN
"GREENFIELD, DEREK, L.|SCHIRMER, ANDREAS, W.|CLARKE, ELIZABETH, J.|GROBAN, ELI, S.|DA COSTA, BERNARDO, M.|HU, ZHIHAO|HOLDEN, KEVIN|HELMAN, NOAH|CHEVRON",NONE,
"GREENLIGHT BIOSCIENCES INC [US], SRIDHARAN KRISHNAKUMAR [US]",NATIONAL,US
GRENOBLE ALPES UNIVERSITY,UNIVERSITY,FRANCE
"GRUBER DAVID [US], KAO HUNG-TEH [US], PIERIBONE VINCENT [US]",NONE,
GRUENENTHAL GMBH (DE),NATIONAL,GERMANY
GS CALTEX CORPORATION,MULTINATIONAL,SOUTH KOREA
GSK PLC,MULTINATIONAL,UK
GSURF,UNIVERSITY,US
GUANGZHOU SHENGLU BIOTECH LIMITED COMPANY,NATIONAL,CHINA
GUARD THERAPEUTICS,NATIONAL,SWEDEN
"GUOQIANG CHEN,ZHIHUI WHANG",NONE,
"GURSKAYA, NADEJDA (RU)",NONE,
GYEONGBUK INSTITUTE FOR MARINE BIOINDUSTRY|KIOST,UNIVERSITY,SOUTH KOREA
H. LUNDBECK A/S (DK),MULTINATIONAL,DENMARK
HADASIT BIO-HOLDINGS LTD,NATIONAL,ISRAEL
"HAKODATE REGIONAL INDUSTRY PROMOTION ORGANIZATION, HOKKAIDO RESEARCH ORGANIZATION",NONE,
HALO-BIO RNAI THERAPEUTICS INC,NATIONAL,US
"HALOZYME, INC.; SAN DIEGO, CA",NATIONAL,US
"HAMILTON, STEPHEN R. (US); GERNGROSS, TILLMAN U. (US); WILDT, STEFAN (US); CHOI, BYUNG-KWON (US); NETT, JUERGEN HERMANN (US); BOBROWICZ, PIOTR (US)",NONE,
HANGZHOU LEADGENE LIMITED INC,NATIONAL,CHINA
HANGZHOU RUIFENG BIOTECHNOLOGY,NATIONAL,CHINA
HANKUK UNIVERSITY OF FOREIGN STUDIES RESEARCH AND INDUSTRY-UNIVERSITY COOPERATION FOUNDATION|KIOST,UNIVERSITY,SOUTH KOREA
HANNAM UNIVERSITY INSTITUTE FOR INDUSTRY-ACADEMIA COOPERATION,UNIVERSITY,SOUTH KOREA
HANNOVER MEDICAL SCHOOL,UNIVERSITY,GERMANY
"HANS KONRAD SCHACKERT,MATTHIAS HAHN,HEIKE GOERGENS",NONE,
HARVARD MEDICAL SCHOOL,UNIVERSITY,US
HAYASHIBARA BIOCHEM LAB INC,NATIONAL,JAPAN
"HAYASHIBARA BIOCHEMICAL LABORATORIES INC,HAJIME AGA,TAKANOBU HIGASHIYAMA, HIKARU WATANABE,TOMOHIKO SONODA,MICHIO KUBOTA",NONE,
HEALTHGEN BIOTECHNOLOGY CO LTD,NATIONAL,CHINA
HEBREW UNIVERSITY OF JERUSALEM,UNIVERSITY,ISRAEL
HEISIG PETER (DE); MERLIN GES FUER MIKROBIOLOGISC (DE); FUCHS GOMEZ YOLANDA (US),NONE,
HELMHOLTZ ZENTRUM MUNCHEN,UNIVERSITY,GERMANY
HELMHOLTZ ZENTRUM MUNCHEN DEUTSCHES FORSCHUNGSZENTRUM FUR GESUNDHEIT UND UMWELT (GMBH) (DE),UNIVERSITY,GERMANY
HENKEL,MULTINATIONAL,GERMANY
"HENRY VALENTIN,JIEXIN PENG,STEVEN SCREEN",NONE,
HEPACORE LTD.; NESS ZIONA,NATIONAL,ISRAEL
HERMANN BUJARD,NONE,
"HESKA CORPORATION; FORT COLLINS, CO",MULTINATIONAL,US
HIGETA SHOYU CO LTD,NATIONAL,JAPAN
"HILARY CLARK,JILL SCHOENFELD,MENNO VANLOOKEREN,P MICKEY WILLIAMS, WILLIAM I WOOD,THOMAS D WU",NONE,
HIROSHI KITAGAWA,NONE,
HIROSHIMA UNIVERSITY,UNIVERSITY,JAPAN
HITACHI LTD,MULTINATIONAL,JAPAN
HOCHSCHULE MANNHEIM; MANNHEIM,UNIVERSITY,GERMANY
"HOKKAIDO MITSUI CHEMICALS INC, NATIONAL UNIVERSITY CORPORATION UNIVERSITY OF TOYAMA",NONE,
HOKKAIDO TECHNOLOGY LICENSING OFFICE CO LTD,UNIVERSITY,JAPAN
HOKKAIDO UNIVERSITY,UNIVERSITY,JAPAN
HOLOGIC INC,MULTINATIONAL,US
HONDA MOTOR CO LTD,MULTINATIONAL,JAPAN
HONGIK UNIVERSITY INDUSTRY-ACADEMIA COOPERATION FOUNDATION,UNIVERSITY,SOUTH KOREA
"HORIBA LTD,KYOTO SANGYO UNIVERSITY",NONE,
"HOWARD HUGHES MEDICAL INSTITUTE; CHEVY CHASE, MD",UNIVERSITY,US
"HOYU CO., LTD",NONE,
HUMANITAS MIRASOLE S.P.A. (IT); NOVARTIS,UNIVERSITY,ITALY
HYOSUNG CORPORATION,MULTINATIONAL,SOUTH KOREA
"ICAGEN, INC",NATIONAL,US
ICAHN SCHOOL OF MEDICINE AT MOUNT SINAI,UNIVERSITY,US
ICOSAGEN CELL FACTORY OU [EE],NATIONAL,ESTONIA
"IDEA SEED, LLC; CITY OF INDUSTRY, CA",NATIONAL,US
"IDEA, INC. (US); UNIVERSITY OF CHILE (CL)",NONE,
IDEMITSU KOSAN,MULTINATIONAL,JAPAN
IDIBAPS,UNIVERSITY,SPAIN
IFF,MULTINATIONAL,US
"IKEDA FOOD RESEARCH CO LTD, NATIONAL UNIVERSITY CORPORATION TOKYO MEDICAL AND DENTAL UNIVERSITY",NONE,
"IKUO NAKAMURA,TOSHIYUKI MORIIZUMI",NONE,
ILLUMINA CAMBRIDGE LTD [GB],UNIVERSITY,UK
ILLUMINA CAMBRIDGE LTD [GB] LIMITED,NONE,
ILLUMINA CAMBRIDGE LTD [GB] LIMITED (GB),NONE,
IMBA,UNIVERSITY,AUSTRIA
IMMUNEXPRESS,NATIONAL,US
IMPERIAL COLLEGE INNOVATIONS LIMITED (GB),UNIVERSITY,UK
INCYTE GENOMICS,MULTINATIONAL,US
INDIAN INST OF TECHNOLOGY DEHLI,UNIVERSITY,INDIA
"INDIANA UNIVERSITY RESEARCH AND TECHNOLOGY CORPORATION; INDIANAPOLIS, IN",UNIVERSITY,US
INDIGO AGRICULTURE BOSTON,NATIONAL,US
INDUSTRIAL COOPERATION FOUNDATION CHONBUK NATIONAL UNIVERSITY,UNIVERSITY,SOUTH KOREA
INDUSTRY ACADEMIC COOPERATION FOUNDATION KEIMYUNG UNIVERSITY,UNIVERSITY,SOUTH KOREA
"INDUSTRY ACADEMIC COOPERATION FOUNDATION, HALLYM UNIVERSITY",UNIVERSITY,SOUTH KOREA
INDUSTRY ACADEMY COOPERATION FOUNDATION OF SEJONG UNIVERSITY,UNIVERSITY,SOUTH KOREA
INDUSTRY FOUNDATION OF CHONNAM NATIONAL UNIVERISTY; GWANGJU,UNIVERSITY,SOUTH KOREA
INDUSTRY FOUNDATION OF CHONNAM NATIONAL UNIVERSITY,UNIVERSITY,SOUTH KOREA
INDUSTRY-ACADEMIC COOPERATION FOUNDATION GYEONGSANG NATIONAL UNIVERSITY,UNIVERSITY,SOUTH KOREA
INDUSTRY-ACADEMIC COOPERATION FOUNDATION YONSEI UNIVERSITY,UNIVERSITY,SOUTH KOREA
"INDUSTRY-ACADEMIC COOPERATION FOUNDATION, DANKOOK UNIVERSITY",UNIVERSITY,SOUTH KOREA
"INDUSTRY-ACADEMIC COOPERATION FOUNDATION, YONSEI UNIVERSITY",UNIVERSITY,SOUTH KOREA
INFM,UNIVERSITY,ITALY
"INGENIOUS TARGETING LABORATORIES; RONKONKOMA, NY",NATIONAL,US
INHA-INDUSTRY PARTNERSHIP INSTITUTE,UNIVERSITY,SOUTH KOREA
INJE UNIVERSITY INDUSTRY-ACADEMIC COOPERATION FOUNDATION,UNIVERSITY,SOUTH KOREA
INNOVENTUS PROJECT AB [SE],NATIONAL,SWEDEN
INRA,UNIVERSITY,FRANCE
INRES,UNIVERSITY,GERMANY
INRIA,UNIVERSITY,FRANCE
"INSCRIPTA, INC",NATIONAL,US
INSERM,UNIVERSITY,FRANCE
INSERON INC [US],NATIONAL,US
INST UNIV DE CIENCIA,UNIVERSITY,SPAIN
INSTITUT FRANCAIS DE RECHERCHE POUR L'EXPLOITATION DE LA MER (GOVERNMENT OF FRANCE,NONE,
INSTITUT GUSTAVE ROUSSY|INSERM,UNIVERSITY,FRANCE
INSTITUT PASTEUR,UNIVERSITY,FRANCE
"INSTITUTE FOR SYSTEMS BIOLOGY AND INTEGRATED DIAGNOSTICS, INC.; SEATTLE, WA; US;",UNIVERSITY,US
INSTITUTE OF GENETICS AND DEVELOPMENTAL BIOLOGY; BEJING,UNIVERSITY,CHINA
INSTITUTE OF PHARMACOLOGY AND TOXICOLOGY ACADEMY OF MILITARY MEDICAL SCIENCES P.L.A. CHINA; BEIJING,UNIVERSITY,CHINA
INSTITUTO NACIONAL DE INVESTIGACION TECNOLOGIA AGRARIA Y ALIMENTARIA (INIA); MADRID,UNIVERSITY,SPAIN
"INTEGRATED DIAGNOSTICS, INC.; SEATTLE, WA",NATIONAL,US
INTELLECTUAL PROPERTY CONSULTING INC. (JP),NATIONAL,US
INTER-UNIVERSITY RESEARCH INSTITUTE NATIONAL INSTITUTES OF NATURAL SCIENCES,UNIVERSITY,JAPAN
INTERNAT VACCINE INST [KR],UNIVERSITY,SOUTH KOREA
INTERNATIONAL PARK OF CREATIVITY; BOGOTA,UNIVERSITY,COLOMBIA
INTERNATIONAL VACCINE INSTITUTE; SEOUL,UNIVERSITY,SOUTH KOREA
INVION LIMITED; SEVENTEEN MILE ROCKS,NATIONAL,AUSTRALIA
"INVISTA NORTH AMERICA S A R L [US], INVISTA TECH S A R L [CH]",NONE,
IONIS PHARMACEUTICALS,NATIONAL,US
"IPROGEN BIOTECH, INC.; RICHMOND, B.C.",NATIONAL,CANADA
IPSEN,MULTINATIONAL,FRANCE
IRM LLC,NATIONAL,US
IRONWOOD PHARMACEUTICALS,NATIONAL,US
ISHIHARA SANGYO KAISHA LTD,NATIONAL,JAPAN
ISHIKAWA PREFECTURE,GOVERNMENT,JAPAN
IUCF-HYU,UNIVERSITY,SOUTH KOREA
I�ROM GROUP,NATIONAL,JAPAN
"J.R. SIMPLOT COMPANY; BOISE, ID",MULTINATIONAL,US
JAIST,UNIVERSITY,JAPAN
"JAMES M BULLARD,NEBOJSA JANJIC,CHARLES S MCHENRY,REPLIDYNE INC",NONE,
JAPAN AGENCY FOR MARINE-EARTH SCIENCE AND TECHNOLOGY; KANAGAWA,UNIVERSITY,JAPAN
JAPAN AGENCY FOR MEDICAL RESEARCH AND DEVELOPMENT,UNIVERSITY,JAPAN
JAPAN INTERNATIONAL RESEARCH CENTER FOR AGRICULTURAL SCIENCE,UNIVERSITY,JAPAN
JAPAN SCIENCE AND TECHNOLOGY AGENCY,GOVERNMENT,JAPAN
JAPAN TOBACCO INC,MULTINATIONAL,JAPAN
JAPIC,NATIONAL,JAPAN
JCR PHARMACEUTICALS CO LTD,MULTINATIONAL,JAPAN
JENKINS OWEN (GB); BEELEY LEE JAMES (GB),NONE,
JEONBUK NATIONAL UNIVERSITY,UNIVERSITY,SOUTH KOREA
JIANGNAN UNIVERSITY; WUXI,UNIVERSITY,CHINA
JIANGSU HENGRUI PHARMACEUTICALS COMPANY,MULTINATIONAL,CHINA
"JICHI MEDICAL UNIVERSITY,GENE THERAPY RESEARCH INSTITUTION CO LTD",UNIVERSITY,JAPAN
"JINAN UNIVERSITY,GUANGZHOU SHENGLU BIOTECH LIMITED COMPANY",UNIVERSITY,CHINA
"JINIS CO.,LTD",NATIONAL,SOUTH KOREA
"JOHN AIKENS,ROBERT TURNER,VALERIE SERSHON,DENISE HOLZLE",NONE,
"JOHN W SHULTZ,MARTIN K LEWIS,DONNA LIEPPE,MICHELLE MANDREKAR, DANIEL KEPHART,RICHARD B RHODES,CHRISTINE A ANDREWS, JAMES R HARTNETT, TRENT GU,RYAN J OLSON,KEITH W WOOD,ROY WELCH",NONE,
JOHNS HOPKINS UNIVERSITY,UNIVERSITY,US
"JOSEPH GABRIELE,RAM MISHRA,ZDENEK PRISTUPA",NONE,
"JOSEPH L HORECKA,RICHARD M EGLEN",NONE,
JOSEPH SORGE,NONE,
JOULE UNLIMITED,NATIONAL,US
JSR CORPORATION,MULTINATIONAL,JAPAN
JST,UNIVERSITY,JAPAN
JW PHARMACEUTICALS,NATIONAL,SOUTH KOREA
KABIGEN AB,NATIONAL,SWEDEN
KABUSHIKI KAISHA HAYASHIBARA SEIBUTSU KAGAKU KENKYUJO; OKAYAMA; JP;,NATIONAL,JAPAN
KAGAWA UNIVERSITY,UNIVERSITY,JAPAN
KAGOSHIMA UNIVERSITY,UNIVERSITY,JAPAN
KAIST,UNIVERSITY,SOUTH KOREA
KAKE EDUCATIONAL INSTITUTION,UNIVERSITY,JAPAN
"KALOBIOS PHARMACEUTICALS, INC.; SOUTH SAN FRANCISCO, CA",NATIONAL,US
KANAZAWA UNIVERSITY,UNIVERSITY,JAPAN
KANEKA CORP,MULTINATIONAL,JAPAN
"KANG STEM HOLDINGS CO., LTD|SEOUL NATIONAL UNIVERSITY",NATIONAL,SOUTH KOREA
KANGNUNG-WONJU NATIONAL UNIVERSITY INDUSTRY ACADEMY COOPERATION GROUP,UNIVERSITY,SOUTH KOREA
KANSAI ELECTRIC POWER CO INC:THE,NATIONAL,JAPAN
KANSAI MEDICAL UNIVERSITY; OSAKA,UNIVERSITY,JAPAN
KANSAI TECHNOLOGY LICENSING ORGANIZATION CO LTD,NATIONAL,JAPAN
KAO CORPORATION,MULTINATIONAL,JAPAN
"KARIN JOOSS,THOMAS HARDING,MINH NGUYEN,KATHRYN E KOPRIVNIKAR",NONE,
"KARL A DEISSEROTH,FENG ZHANG",NONE,
KAZUSA DNA RESEARCH INSTITUTE,UNIVERSITY,JAPAN
KEIO UNIVERSITY,UNIVERSITY,JAPAN
"KENNETH FLANAGAN,STEPHEN JED TAM,YUE LIU,ROBIN BARBOUR,THEODORE YEDNOCK",NONE,
KHONA SCIENT LLC [US],NATIONAL,US
KIEPPE PATRIMONIAL,NATIONAL,BRAZIL
KIKKOMAN CORPORATION,MULTINATIONAL,JAPAN
KING FAISAL SPECIALIST HOSPITAL AND RESEARCH CENTRE,UNIVERSITY,SAUDI ARABIA
KIOST,UNIVERSITY,SOUTH KOREA
KISSEI PHARMACEUTICAL CO,NATIONAL,JAPAN
KIST,UNIVERSITY,SOUTH KOREA
KITAKYUSHU FOUNDATION FOR THE ADVANCEMENT OF INDUSTRY SCIENCE AND TECHNOLOGY,UNIVERSITY,JAPAN
"KITASATO INSTITUTE,TOKYO UNIVERSITY",NONE,
KITASATO UNIVERSITY,UNIVERSITY,JAPAN
KK RRF KENKYUSHO,NONE,
KKR & CO,MULTINATIONAL,US
KNC LABORATORIES CO,NATIONAL,JAPAN
KNU-INDUSTRY COOPERATION FOUNDATION,UNIVERSITY,SOUTH KOREA
KOBE UNIVERSITY,UNIVERSITY,SOUTH KOREA
KOCHI UNIVERSITY,UNIVERSITY,JAPAN
KOLON LIFE SCIENCE INC [KR],NATIONAL,SOUTH KOREA
KONINK NL AKADEMIE VAN WETENSCHAPPEN [NL],UNIVERSITY,NETHERLANDS
KONKUK UNIVERSITY INDUSTRIAL COOPERATION CORP,UNIVERSITY,SOUTH KOREA
KOREA ELECTRIC POWER CORPORATION,MULTINATIONAL,SOUTH KOREA
KOREA INSTITUTE OF CERAMIC ENGINEERING AND TECHNOLOGY,UNIVERSITY,SOUTH KOREA
KOREA RESEARCH INSTITUTE OF CHEMICAL TECHNOLOGY,UNIVERSITY,SOUTH KOREA
KOREA UNIVERSITY INDUSTRIAL AND ACADEMIC COLLABORATION FOUNDATION,UNIVERSITY,SOUTH KOREA
KOREA UNIVERSITY RESEARCH AND BUSINESS FOUNDATION,UNIVERSITY,SOUTH KOREA
KRIBB,UNIVERSITY,SOUTH KOREA
KRYSTAL BIOTECH INC [US],NATIONAL,US
KUMHO PETROCHEMICAL,MULTINATIONAL,SOUTH KOREA
"KURA ONCOLOGY, INC.; LA JOLLA, CA",NATIONAL,US
KWANSEI GAKUIN EDUCATIONAL FOUNDATION,UNIVERSITY,JAPAN
"KYOTO PREFECTURAL PUBLIC UNIVERSITY CORPORATION,MEDINET CO LTD",UNIVERSITY,JAPAN
"KYOTO SANGYO UNIVERSITY [JP], HORIBA LTD [JP]",NONE,
KYOTO UNIVERSITY,UNIVERSITY,JAPAN
KYOWA HAKKO,MULTINATIONAL,JAPAN
KYUNGPOOK NATIONAL UNIVERSITY INDUSTRY-ACADEMIC COOPERATION FOUNDATION,UNIVERSITY,SOUTH KOREA
KYUSHU TLO COMPANY LIMITED,UNIVERSITY,JAPAN
KYUSHU UNIVERSITY,UNIVERSITY,JAPAN
L'OREAL; PARIS,MULTINATIONAL,FRANCE
LABGENIUS LTD [GB],NATIONAL,UK
LABOKLIN GMBH & CO. KG (DE),MULTINATIONAL,GERMANY
"LABORATORIO CHIMICO INT SPA [IT], BERTOLINI GIORGIO [IT], MAGRI PAOLO [CH]",NONE,
"LALLEMAND HUNGARY LIQUIDITY MAN LLC [HU], UNIV STELLENBOSCH [ZA]",NONE,
"LANCE E STEWARD,MARCELLA A GILMORE,KEI R AOKI",NONE,
LAND O'LAKES,NATIONAL,US
LARGE SCALE BIOLOGY CORPORATION,NATIONAL,US
LAY LINE GENOMICS SPA (IT),NATIONAL,ITALY
LEADARTIS S L [ES],NATIONAL,SPAIN
LEIDEN UNIVERSITY,UNIVERSITY,NETHERLANDS
LEMONEX INC,NATIONAL,SOUTH KOREA
LEXICON PHARMACEUTICALS,NATIONAL,US
LG CHEM LTD,MULTINATIONAL,SOUTH KOREA
"LICENTIA LTD, INSERM",NONE,
"LICENTIA, LTD. AND LUDWIG INSTITUTE FOR CANCER RESEARCH; HELSINKI; FI;",NATIONAL,UK
"LIFENET HEALTH; VIRGINIA BEACH, VA",NATIONAL,US
"LIFESENSORS, INC.; MALVERN, PA",NATIONAL,US
LIGAND PHARMACEUTICALS,NATIONAL,US
LILLE UNIVERSITY OF SCIENCE AND TECHNOLOGY,UNIVERSITY,FRANCE
"LIN, SHI-LUNG (US); WU, DAVID TS (US)",NONE,
LOMA LINDA UNIV [US],UNIVERSITY,US
LOMA LINDA UNIVERSITY,UNIVERSITY,UK
LONDON SCHOOL OF HYGIENE AND TROPICAL MEDICINE [GB]; WREN BRENDAN [GB]; LANGDON REBECCA [GB],UNIVERSITY,UK
"LONGAS TECH PTY LTD [AU], BARNES LUCY [GB]",NATIONAL,AUSTRALIA
LONZA,MULTINATIONAL,SWITZERLAND
"LOYOLA UNIVERSITY OF CHICAGO; CHICAGO, IL",UNIVERSITY,US
LUCKY LIMITED; KRX;,NONE,
LUDWIG INSTITUTE FOR CANCER RESEARCH,UNIVERSITY,US
LUDWIG-MAXIMILIANS-UNIVERSITAT,UNIVERSITY,GERMANY
LUIS BERNHARD,NONE,
LUMEN BIOSCIENCE,NATIONAL,US
"LUMILEDS LIGHTING U.S., LLC; SAN JOSE, CA",MULTINATIONAL,NETHERLANDS
LUNDBECK,MULTINATIONAL,US
LUNDEBECK,MULTINATIONAL,DENMARK
MA KESEN [CA]; YING XIANGXIAN [CN],NONE,
MABIK,UNIVERSITY,SOUTH KOREA
"MACROGENICS, INC.; ROCKVILLE, MD",NATIONAL,US
MALLINCKRODT,MULTINATIONAL,IRELAND
MARA RENEWABLES CORPORATION,NATIONAL,CANADA
MARICAL,MULTINATIONAL,US
MARINE BIOTECHNOLOGY INST,UNIVERSITY,JAPAN
MARKER THERAPEUTICS,NATIONAL,US
MARS INCORPORATED,MULTINATIONAL,US
"MARUZEN PHARMACEUTICALS CO., LTD.; ONOMICHI-SHI, HIROSHIMA",NATIONAL,JAPAN
MASARYKOVA UNIVERZITA (CS),UNIVERSITY,CHECHIA
MASARYKOVA UNIVERZITA; BRNO,UNIVERSITY,CHECHIA
"MASONIC MEDICAL RESEARCH LABORATORY; UTICA, NY; US;",UNIVERSITY,US
MASSACHUSETTS INST TECHNOLOGY [US],UNIVERSITY,US
"MATIS OHF [IS], UNIV GRONINGEN [NL], UNIVERSITA T STUTTGART [DE]",NONE,
MATRIX GENETICS,NATIONAL,US
MAX PLANCK SOCIETY,UNIVERSITY,GERMANY
MAXYGEN INC,NATIONAL,US
"MAYO FOUNDATION FOR MEDICAL EDUCATION AND RESEARCH; ROCHESTER, MN; US;",UNIVERSITY,US
MBL,MULTINATIONAL,JAPAN
MCGILL UNIVERSITY,UNIVERSITY,CANADA
MEDICAL DIAGNOSTIC LABORATORIES,NATIONAL,US
MEDICAL RESEARCH COUNCIL,GOVERNMENT,UK
MEDICAL RESEARCH COUNCIL (GB),GOVERNMENT,UK
MEDICINAL BIOCONVERGENCE RESEARCH CENTER,NATIONAL,SOUTH KOREA
MEDIGENE AG (DE),NATIONAL,GERMANY
MEDPACTO INC ,NATIONAL,SOUTH KOREA
"MEDTRONIC, INC",MULTINATIONAL,US
MEDYTOX INC,NATIONAL,US
"MEIJI SEIKA KAISHA LTD,TAKASHI AOKI",NONE,
MELT&MARBLE,NATIONAL,SWEDEN
MEMORIAL SLOAN-KETTERING CANCER CENTER (US),UNIVERSITY,US
"MENDEL BIOTECHNOLOGY, INC.; HAYWARD, CA",MULTINATIONAL,US
"MENG-LIN TSAO,FENG TIAN,PETER SCHULTZ",NONE,
MERCK,MULTINATIONAL,US
"MERRIMACK PHARMACEUTICALS, INC.; CAMBRIDGE, MA",NATIONAL,US
MERZ PHARMA GMBH AND CO KGAA,MULTINATIONAL,GERMANY
"METABOLIX, INC. (US)",NONE,
"METAFORA BIOSYSTEMS,PAULINE FABRE",NATIONAL,FRANCE
METGEN OY [FI],NATIONAL,FINLAND
METGEN OY; KAARINA,NATIONAL,FINLAND
MEXT,GOVERNMENT,JAPAN
"MGENPLUS CO., LTD",NONE,
MIBMIK,UNIVERSITY,POLAND
MICHELIN,MULTINATIONAL,FRANCE
"MICHELLE CAYOUETTE,CONNIE JO HANSEN,AMY MCCLURE,MARK DYCAICO, SVETLANA GRAMATIKOVA,MAY SUN,NELSON BARTON,JUSTIN STEGE, NAHLA ABOUSHADI",NONE,
MICHIGAN STATE UNIVERSITY,UNIVERSITY,US
MICROCOAT,NATIONAL,GERMANY
MIE UNIVERSITY,UNIVERSITY,JAPAN
MINERVA BIOTECHNOLOGIES CORPORATION,NATIONAL,UK
MIT,UNIVERSITY,US
MITSUBISHI,MULTINATIONAL,JAPAN
MITSUI CHEMICALS INC,MULTINATIONAL,JAPAN
"MOCHIDA PHARMACEUTICAL CO., LTD.; TOKYO; JP;",NATIONAL,JAPAN
MODERNA,MULTINATIONAL,US
MODMED,NATIONAL,US
MOGAM,UNIVERSITY,SOUTH KOREA
MOLMED SPA [IT],NATIONAL,CHILE
"MONTEREY BAY AQUARIUM RESEARCH INSTITUTE; MOSS LANDING, CA; US;",UNIVERSITY,US
MOREDUN RES INSTITUTE [GB],UNIVERSITY,UK
MORPHOSYS AG; MARTINSRIED,NATIONAL,GERMANY
MORVUS TECHNOLOGY LTD. (GB),NATIONAL,UK
"MULLER, WERNER E. G. (DE); SCHRODER, HEINZ C. (DE); GEURTSEN, WERNER K. (DE)",NONE,
MULTI-GENE VASCULAR SYSTEMS LTD.; HAIFA; IL;,NATIONAL,ISRAEL
MYONGJI UNIVERSITY INDUSTRY AND ACADEMIA COOPERATION FOUNDATION,UNIVERSITY,SOUTH KOREA
MYRIAD GENETICS,MULTINATIONAL,US
MYRIO THERAPEUTICS INTERNATIONAL PTY LTD,NATIONAL,AUSTRALIA
NAGASAKI PREFECTURE,GOVERNMENT,JAPAN
NAGOYA INDUSTRIAL SCIENCE RESEARCH INSTITUTE; NAGOYA-SHI,UNIVERSITY,JAPAN
NAGOYA INSTITUTE OF TECHNOLOGY,UNIVERSITY,JAPAN
NAGOYA UNIVERSITY,UNIVERSITY,JAPAN
"NANCY SCHOENBRUNNER,THOMAS MYERS,DAVID GELFAND",NONE,
"NANTHEALTH, INC",NATIONAL,US
NANTWORKS,NATIONAL,US
NATIONAL CHUNG HSING UNIVERSITY; TAICHUNG,UNIVERSITY,TAIWAN
NATIONAL DEFENSE MEDICAL CENTER; TAIPEI,OTHER,TAIWAN
NATIONAL INSTITUTE OF PLANT GENOME RESEARCH; NEW DELHI,UNIVERSITY,INDIA
NATIONAL JEWISH HEALTH,UNIVERSITY,US
NATIONAL RESEARCH COUNCIL CANADA,UNIVERSITY,CANADA
NATIONAL TAIWAN UNIVERSITY,UNIVERSITY,TAIWAN
NATIONAL UNIVERSITY CORPORATION CHIBA UNIVERSITY,UNIVERSITY,JAPAN
NATIONAL UNIVERSITY CORPORATION EHIME UNIVERSITY,UNIVERSITY,JAPAN
NATIONAL UNIVERSITY CORPORATION KUMAMOTO UNIVERSITY,UNIVERSITY,JAPAN
NATIONAL UNIVERSITY CORPORATION KYOTO INSTITUTE OF TECHNOLOGY; KYOTO,UNIVERSITY,JAPAN
"NATIONAL UNIVERSITY CORPORATION NAGAOKA UNIVERSITY OF TECHNOLOGY, AIST",NONE,
NATIONAL UNIVERSITY OF CORPORATION HIROSHIMA UNIVERSITY,UNIVERSITY,JAPAN
NATIONWIDE CHILDREN’S HOSPITAL,OTHER,US
NATL AGRICULTURE FOREST & FISHERIES RES COUNCIL,GOVERNMENT,US
NCARDIA B V [NL],NATIONAL,NETHERLANDS
NDFOS,NATIONAL,SOUTH KOREA
NEC CORPORATION,MULTINATIONAL,JAPAN
"NEOPHARM, INC. (US)",NONE,
NEOSE TECHNOLOGIES INC,NATIONAL,US
NERBIO S.R.L.,NATIONAL,US
NESTLE,MULTINATIONAL,SWITZERLAND
"NEUROLOGIX, INC.; FORT LEE, NJ; US;",NATIONAL,US
NEW ENGLAND BIOLABS,MULTINATIONAL,US
"NEW ENGLAND MEDICAL CENTER HOSPITALS, INC.; BOSTON, MA",OTHER,US
NEW PORTAL LTD [CN],NATIONAL,HONG KONG SAR
NEW YORK UNIVERSITY,UNIVERSITY,US
"NEWLEAF SYMBIOTICS, INC.; ST. LOUIS, MO",NATIONAL,US
NEWTON-EVANS RESEARCH COMPANY,NATIONAL,US
NIAS,UNIVERSITY,JAPAN
NICHIREI CORPORATION,MULTINATIONAL,JAPAN
NIELSEN JENS [SE]; SHI SHUOBO [SE],NONE,
"NIHON SHOKUHIN KAKO CO LTD,HOKKAIDO UNIVERSITY",NONE,
NIHON UNIVERSITY,UNIVERSITY,JAPAN
NIIGATA UNIVERSITY,UNIVERSITY,JAPAN
NINS,UNIVERSITY,JAPAN
"NIPPI, INCORPORATED ",NATIONAL,JAPAN
"NIPPON SHINYAKU CO., LTD",NATIONAL,JAPAN
NIPPON STEEL CORP,MULTINATIONAL,JAPAN
NIPRO CORP,MULTINATIONAL,JAPAN
NISHIKAWA RUBBER,MULTINATIONAL,JAPAN
NISSHIN SEIFUN GROUP INC,MULTINATIONAL,JAPAN
NISSHINBO INDUSTRIES,MULTINATIONAL,JAPAN
NISSUI,MULTINATIONAL,JAPAN
NITE,GOVERNMENT,JAPAN
NOFIMA AKVAFORSK-FISKERIFORSKNING AS (NO),NATIONAL,NORWAY
NOGRA PHARMA LIMITED; DUBLIN,NATIONAL,IRELAND
"NOMADOGEN BIOTECHNOLOGIES INC.; CALGARY, ALBERTA",NATIONAL,CANADA
NORAK BIOSCIENCES INC,NATIONAL,US
"NORTH CAROLINA STATE UNIVERSITY; RALEIGH, NC",UNIVERSITY,US
"NORTH SHORE - LONG ISLAND JEWISH RESEARCH INSTITUTE; MANHASSET, NY; US;",UNIVERSITY,US
"NORTHWESTERN UNIVERSITY; EVANSTON, IL",UNIVERSITY,US
NORWEGIAN INST OF FISHERIES & (NO),UNIVERSITY,NORWAY
NORWEGIAN SCHOOL OF VETERINARY SCIENCE,UNIVERSITY,NORWAY
NOVARTIS,MULTINATIONAL,SWITZERLAND
NOVO NORDISK A/S; BAGSVAERD,MULTINATIONAL,DENMARK
NOVOZYMES,MULTINATIONAL,DENMARK
NSERC,GOVERNMENT,CANADA
NSGENE A/S,NATIONAL,DENMARK
NUFARM,MULTINATIONAL,AUSTRALIA
OBSIDIAN THERAPEUTICS INC [US],NATIONAL,US
OCIMUM BIOSOLUTIONS,MULTINATIONAL,INDIA
"OCUGEN, INC",NATIONAL,US
ODYSSEY THERAPEUTICS,NATIONAL,US
OKAYAMA PREFECTURE,GOVERNMENT,JAPAN
OKAYAMA UNIVERSITY,UNIVERSITY,JAPAN
OKAZAKI NATIONAL RESEARCH INSTITUTES,UNIVERSITY,JAPAN
OKLAHOMA STATE UNIVERSITY,UNIVERSITY,US
OLEMA PHARMACEUTICALS INC [US],NATIONAL,US
OLYMPUS CORPORATION,MULTINATIONAL,JAPAN
OMEGATECH INC,NATIONAL,US
"OMEROS CORPORATION; SEATTLE, WA",NATIONAL,US
"OMNIGENE BIOPRODUCTS, INC. (US)",NONE,
"OMNIGENE BIOPRODUCTS, INC.; CAMBRIDGE, MA",NATIONAL,US
ONCIMMUNE GERMANY GMBH; DORTMUND,NATIONAL,UK
ONO PHARMACEUTICAL CO,MULTINATIONAL,JAPAN
"OPGEN, INC",MULTINATIONAL,US
OPTIMVIA LLC [US],NATIONAL,US
ORCA THERAPEUTICS B V [NL],NATIONAL,NETHERLANDS
ORDER-MADE MEDICAL RESEARCH INC,NATIONAL,JAPAN
ORE HOLDINGS,NATIONAL,US
OREGON HEALTH & SCIENCE UNIVERSITY,UNIVERSITY,US
OREGON HEALTH SCIENCES UNIVERSITY,UNIVERSITY,US
OREGON STATE (US),GOVERNMENT,US
"ORF EHF,EINAR MANTYLA,BJORN ORVAR",NONE,
ORF LIFTAEKNI EHF. (IS),NATIONAL,ICELAND
"ORIENTAL YEAST CO LTD,OSAKA UNIVERSITY",NONE,
OSAKA CITY UNIVERSITY,UNIVERSITY,JAPAN
OSAKA PREFECTURE,GOVERNMENT,JAPAN
OSAKA UNIVERSITY,UNIVERSITY,JAPAN
"OSPEDALE SAN RAFFAELE SRL [IT], FOND TELETHON [IT]",OTHER,ITALY
OTSUKA PHARMACEUTICAL,MULTINATIONAL,JAPAN
OVITA LIMITED,NATIONAL,NEW ZEALAND
OXFORD BIOMEDICA,MULTINATIONAL,UK
OXFORD NANOPORE TECHNOLOGIES LIMITED,MULTINATIONAL,UK
OXFORD UNIVERSITY,UNIVERSITY,UK
OXGENE,NATIONAL,UK
OXITEC LTD,MULTINATIONAL,UK
OXYRANE UK LTD [GB],NATIONAL,UK
OZEKI CORPORATION,NATIONAL,JAPAN
PALLEON PHARMACEUTICALS INC,NATIONAL,US
PANASONIC INTELLECTUAL PROPERTY MANAGEMENT CO LTD,MULTINATIONAL,JAPAN
PANGAEA BIOTECH,NATIONAL,JAPAN
PARIS SCIENCES ET LETTRES UNI,UNIVERSITY,FRANCE
"PARIS SCIENCES LETTRES QUARTIER LATIN [FR], CNRS",NONE,
"PARKASH GILL,REN LIU",NONE,
PASTEUR INSTITUT (FR),UNIVERSITY,FRANCE
"PAUL VIITANEN,PERRY CAIMI,LUAN TAO,YUYING ZHANG,CAROL MCCUTCHEN, LAURA MCCOLE",NONE,
PEBBLE LABS INC [US],NATIONAL,US
PEKIN UNIVERSITY,UNIVERSITY,CHINA
PEKING UNIVERSITY,UNIVERSITY,CHINA
PENNSYLVANIA STATE UNI,UNIVERSITY,US
PEPGENE INC,NATIONAL,SOUTH KOREA
PERFECT DAY INC,NATIONAL,US
"PERFECT DAY, INC.; BERKELEY, CA",NATIONAL,US
"PERIPHAGEN, INC",NATIONAL,US
PFIZER,MULTINATIONAL,US
PHARCHOICE THERAPEUTICS INC [CN],NONE,
PHARMA FOODS INTERNATIONAL,NATIONAL,JAPAN
PHARMAQ AS [NO],NATIONAL,NORWAY
"PHASE-1 MOLECULAR TOXICOLOGY, INC.; SANTA FE, NM; US;",NATIONAL,US
PHOTANOL B V [NL],NATIONAL,NETHERLANDS
"PHYCOGEN, INC. (US)",NONE,
PIERRE FABRE MEDICAMENT,MULTINATIONAL,FRANCE
PLANT SENSORY SYSTEMS,NATIONAL,US
PLASMIA BIOTECH,NATIONAL,SPAIN
PLYMOUTH MARINE LABORATORY,UNIVERSITY,UK
"PNP BIOPHARM CO., LTD",NATIONAL,SOUTH KOREA
POSCO,MULTINATIONAL,JAPAN
POSEIDA THERAPEUTICS,NATIONAL,US
"POZZAN, TULLIO (IT); RIZZUTO, ROSARIO (IT); GIORGI, CARLOTTA (IT); BRINI, MARISA (IT); PINTON, PAOLO (IT)",NONE,
PRECIGEN,NATIONAL,US
PRECISION BIOSCIENCES,NATIONAL,US
PRIMAGEN HOLDING B V,NATIONAL,NETHERLANDS
PRINCETON UNIVERSITY,UNIVERSITY,US
PRO FARM GROUP,NATIONAL,US
PROCELL THERAPEUTICS INC [KR]; JO DAEWOONG [KR],NATIONAL,SOUTH KOREA
PROGEN BIOTECHNIK GMBH,NATIONAL,GERMANY
"PROGERIA RESEARCH FOUNDATION, INC",UNIVERSITY,US
PROKARIUM LIMITED; LONDON,NATIONAL,UK
PROKAZYME,NATIONAL,ICELAND
PROLUME LTD,NATIONAL,US
PROMEGA CORPORATION,MULTINATIONAL,US
PROTAGEN AG; DORTMUND,NATIONAL,GERMANY
PROTEIN GROUP,MULTINATIONAL,US
PROTERRO INC,NATIONAL,US
PROVIVI INC,NATIONAL,US
"PROYECTO DE BIOMEDICINA CIMA, S.L.; NAVARRA",NATIONAL,SPAIN
"PSYCHNOSTICS, LLC; BALTIMORE, MD",NATIONAL,US
"PUBLIC UNIVERSITY CORPORATION NARA MEDICAL UNIVERSITY; KASHIHARA-SHI, NARA",UNIVERSITY,JAPAN
PURATOS,MULTINATIONAL,BELGIUM
PUSAN NATIONAL UNIVERSITY INDUSTRY-UNIVERSITY COOPERATION FOUNDATION,UNIVERSITY,SOUTH KOREA
QIAGEN GMBH (DE),MULTINATIONAL,NETHERLANDS
QIBEBT,UNIVERSITY,CHINA
QIMR BERGHOFER,UNIVERSITY,US
"QUARK PHARMACEUTICALS, INC.; FREMONT, CA",NATIONAL,ISRAEL
QUEEN MARY UNIVERSITY OF LONDON; LONDON,UNIVERSITY,UK
QUEEN'S UNIVERSITY AT KINGSTON,UNIVERSITY,CANADA
QUEST DIAGNOSTICS,MULTINATIONAL,US
RADIOMETER MEDICAL APS,MULTINATIONAL,DENMARK
"RAKUTO KASEI INDUSTRIAL CO LTD, AIST",NONE,
RAMOT AT TEL AVIV UNIVERSITY LTD. (IL),UNIVERSITY,ISRAEL
RAPPAPORT FAMILY INSTITUTE FOR RESEARCH IN THE MEDICAL SCIENCES AND AMI ARONHEIM; HAIFA; ILX;,UNIVERSITY,ISRAEL
RAPPAPORT FAMILY INSTITUTE FOR RESEARCH IN THE MEDICAL SCIENCES; HAIFA,UNIVERSITY,ISRAEL
REGENERON PHARMA,MULTINATIONAL,US
REGENXBIO INC [US],NATIONAL,US
"REGULUS THERAPEUTICS INC.; SAN DIEGO, CA",NATIONAL,US
REPRORISE,NATIONAL,JAPAN
REPUBLIC OF KOREA,GOVERNMENT,SOUTH KOREA
RESEARCH ASSOCIATION FOR BIOTECHNOLOGY; TOKYO; JP;,NONE,
RESEARCH ASSOCIATION FOR BIOTECHNOLOGY; TOKYO; WOX;,NATIONAL,JAPAN
"RESEARCH INSTITUTE OF INNOVATIVE TECH FOR THE EARTH [JP], SUMITOMO BAKELITE CO [JP]",NONE,
RESEARCH INSTITUTE OF INNOVATIVE TECHNOLOGY FOR THE EARTH,UNIVERSITY,JAPAN
RESEARCH ORGANIZATION OF INFORMATION AND SYSTEMS,UNIVERSITY,JAPAN
RESTORE VISION CO LTD,NATIONAL,JAPAN
RESTORE VISION INC,NONE,
"RHEE JOON HAENG [KR], LEE SHEE EUN [KR], JEONG KWANG JOON [KR], PARK SANG CHUL [KR], TAN WENZHI [KR]",NONE,
RHODE ISLAND HOSPITAL,OTHER,US
RICE UNIVERSITY,UNIVERSITY,US
RICOH COMPANY LTD,MULTINATIONAL,JAPAN
RIGEL PHARMACEUTICALS,NATIONAL,US
RIJK ZWAAN HOLDING B.V.,MULTINATIONAL,NETHERLANDS
RIKEN,UNIVERSITY,JAPAN
ROCHE,NONE,
ROCHE DIAGNOSTICS,MULTINATIONAL,SWITZERLAND
"ROSARIO RIZZUTO,PAOLO PINTON,CARLOTTA GIORGI,TULLIO POZZAN, MARISA BRINI",NONE,
"ROSENFELD HANNA [IL], ZEMACH SHALOM [IL]",NONE,
ROTHAMSTED,UNIVERSITY,UK
ROUX KYLE [US],NONE,
ROWAN UNIVERSITY,UNIVERSITY,US
ROYAL NEDALCO B.V. (NL),MULTINATIONAL,NETHERLANDS
RSR LIMITED,NATIONAL,UK
RUHR UNI BOCHUM [DE],UNIVERSITY,GERMANY
"RUTGERS, THE STATE UNIVERSITY OF NEW JERSEY; NEW BRUNSWICK, NJ",UNIVERSITY,US
SAARLAND UNIVERSITY,UNIVERSITY,GERMANY
"SABURO HARA,NATIONAL RESEARCH INSTITUTE OF AQUACULTURE",NONE,
SAFEWHITE,NATIONAL,US
SAGAMI CHEM RES CENTER,UNIVERSITY,JAPAN
SAGAMI CHEMICAL RESEARCH CENTER,UNIVERSITY,JAPAN
SAGRES DISCOVERY,NATIONAL,US
SALK INSTITUTE FOR BIOLOGICAL STUDIES,UNIVERSITY,US
"SALK INSTITUTE FOR BIOLOGICAL STUDIES; LA JOLLA, CA",UNIVERSITY,US
SAMSUNG BIOLOGICS CO,NATIONAL,SOUTH KOREA
SAMSUNG ELECTRONICS,MULTINATIONAL,SOUTH KOREA
"SAMUMED LLC [US], DESHMUKH VISHAL [US], OGREEN ALYSSA LAUREN [US], BOSSARD CARINE [US], BARROGA CHARLENE F [US], HOOD JOHN [US]",NONE,
SAMYANG CORPORATION,MULTINATIONAL,SOUTH KOREA
SANFORD BURHAM PREBYS,UNIVERSITY,US
SANOFI,MULTINATIONAL,FRANCE
SANYO CHEMICAL INDUSTRIES LTD,MULTINATIONAL,JAPAN
SAPPHIRE ENERGY INC [US],NATIONAL,US
SAPPORO MEDICAL UNIVERSITY,UNIVERSITY,JAPAN
"SARAH C BODARY,HILLARY CLARK,BRISDELL HUNTE,JANET JACKMAN, JILL R SCHOENFELD,P MICKEY WILLIAMS,WILLIAM I WOOD,THOMAS D WU",NONE,
"SAREPTA THERAPEUTICS, INC",NATIONAL,US
SBI BIOTECH CO,NATIONAL,JAPAN
"SCHACKERT, HANS KONRAD (DE); HAHN, MATTHIAS (DE)",NONE,
SCHWARZ WOLFGANG,NONE,
SCHWEITZER CO LTD,MULTINATIONAL,CHINA
"SCOTT B HAPPE,KATIE J LEININGER,DWIGHT B DUBOIS",NONE,
SCRIPPS RESEARCH INSTITUTE,UNIVERSITY,US
SCUDDER KURT MARSHALL (DK); THERMO FISHER SCIENTIFIC,NONE,
SECRETARY OF AGENCY OF INDUSTRIAL SCIENCE AND TECHNOLOGY,GOVERNMENT,US
SEIKAGAKU CORPORATION,NATIONAL,JAPAN
SEKISUI CHEMICAL,MULTINATIONAL,JAPAN
"SELECTIVE GENETICS, INC.; SAN DIEGO, CA",NATIONAL,US
"SEOK KWON KANG,YEON HO JE,BYUNG RAE JIN",NONE,
SEOUL NATIONAL UNIVERSITY,UNIVERSITY,SOUTH KOREA
SEOWON UNIVERSITY INSTITUTE OF INDUSTRY-ACADEMY COLLABORATION,UNIVERSITY,SOUTH KOREA
SERLUPI CRESCENZI OTTAVIANO (IT); DELLA PIETRA LINDA (IT),NONE,
SERONO GENETICS INSTITUTE S.A.; EVRY; FR;,UNIVERSITY,FRANCE
SERVIER,MULTINATIONAL,FRANCE
SHANDONG UNIVERSITY; JINAN,UNIVERSITY,CHINA
"SHANGHAI KEXIN BIOTECH CO., LTD.; SHANGHAI",NATIONAL,CHINA
SHIMANE PREFECTUAL GOVERNMENT,GOVERNMENT,JAPAN
SHINO-TEST CORPORATION,NATIONAL,JAPAN
SHINSHU UNIVERSITY,UNIVERSITY,JAPAN
SHIZUOKA TECHNOLOGY LICENSING ORGANIZATION,GOVERNMENT,JAPAN
SIEMENS AG,MULTINATIONAL,GERMANY
SIGNALOMICS GMBH (AT),NATIONAL,AUSTRIA
SILENSEED LTD.; JERUSALEM,NATIONAL,ISRAEL
SILVER CREEK PHARMACEUTICALS INC [US],NATIONAL,US
SIMU TRADE CONSULTING GMBH & CO. LEASING KG; VIENNA,NATIONAL,AUSTRIA
SINAPORE GENERAL HOSPITAL PTE LTD.; SINGAPORE; SG;,OTHER,SINGAPORE
SINTEF,UNIVERSITY,NORWAY
SK GROUP,MULTINATIONAL,SOUTH KOREA
SKYHAWK THERAPEUTICS,NATIONAL,US
SOCIETE D'INNOVATION ET DE RECHERCHE APPLIQUEE SA; (SIERA SA) (FR); ROBERT WAN LUXURY LIMITED (CN),NONE,
SOGANG UNIVERSITY RESEARCH,UNIVERSITY,SOUTH KOREA
SONY CORPORATION; TOKYO,MULTINATIONAL,JAPAN
SOONCHUNHYANG UNIVERSITY INDUSTRY ACADEMY COOPERATION FOUNDATION,UNIVERSITY,SOUTH KOREA
SORRENTO THERAPEUTICS,NATIONAL,US
"SOUND PHARMACEUTICALS INCORPORATED; SEATTLE, WA; US;",NATIONAL,US
"SOUTH DAKOTA STATE UNIVERSITY; BROOKINGS, SD",UNIVERSITY,US
SPIBER INC,NATIONAL,JAPAN
"SRL INC,MARINE BIOTECHNOLOGY INST",NONE,
ST. JUDE CHILDREN'S RESEARCH HOSPITAL (US); THE PRESIDENT AND FELLOWS OF HARVARD COLLEGE (US),NONE,
ST. JUDE CHILDRENS RESEARCH HOSPITAL,UNIVERSITY,US
"STAHL, ULF (SE); STALBERG, KJELL (SE); RONNE, HANS (SE)",NONE,
STANDARD CHEMICAL & PHARMACEUTICAL CO. LTD,MULTINATIONAL,TAIWAN
STANFORD UNIVERSITY,UNIVERSITY,US
STAZIONE ZOOL ANTON DOHRN [IT],UNIVERSITY,ITALY
"STEMLIFELINE, INC. (US)",NONE,
STEPHEN R HAMILTON,NONE,
"STOWERS INSTITUTE FOR MEDICAL RESEARCH; KANSAS CITY, MO",UNIVERSITY,US
"STRASSPHARMA, LLC; DELRAY BEACH, FL",NATIONAL,US
"STRATEGENE CALIFORNIA,JOSEPH A SORGE,HOLLY HOGREFE,CONNIE JO HANSEN, BAHRAM AREZI,REBECCA L MULLINAX",NONE,
STRESSPRO BIOMEDICINE INCORPORATION AND ANIMAL TECHNOLOGY INSTITUTE TAIWAN; HSINCHU; TW;,NATIONAL,TAIWAN
STRIKEN,NONE,
"SUDEEPTA AGGARWAL,HILARY CLARK,AUSTIN L GURNEY,JILL SCHOENFELD, P MICKEY WILLIAMS,WILLIAM I WOOD,THOMAS D WU",NONE,
SUMITOMO CHEMICAL,MULTINATIONAL,JAPAN
SUMITOMO ELECTRIC INDUSTRIES,MULTINATIONAL,JAPAN
SUNGKYUNKWAN UNIVERSITY FOUNDATION FOR CORPORATE COLLABORATION,UNIVERSITY,SOUTH KOREA
SUNTORY LTD,MULTINATIONAL,JAPAN
SWETREE TECHNOLOGIES AB; UMEA,NATIONAL,SWEDEN
SYMPHOGEN AS [DK],NATIONAL,DENMARK
"SYNAPTIC RESEARCH, LLC; BALTIMORE, MD",NATIONAL,US
SYNGULON,NATIONAL,BELGIUM
"SYNLOGIC, INC.; CAMBRIDGE, MA",NATIONAL,US
"SYNTHEZYME LLC; RENSSELAER, NY",NATIONAL,US
SYSMEX CORPORATION,MULTINATIONAL,JAPAN
"SYSMEX CORPORATION,ASAHI",NONE,
TAI-JAY CHANG,NONE,
TAISHO PHARMACEUTICAL CO LTD,MULTINATIONAL,JAPAN
TAKARA HOLDINGS,MULTINATIONAL,JAPAN
TAKASHI SHIINA,NONE,
TAKEDA CHEMICAL INDUSTRIES LTD,MULTINATIONAL,JAPAN
TARGET HEART BIOTEC S R L [IT],NATIONAL,ITALY
TARGETED GROWTH,NATIONAL,US
"TASUKU HONJO,ONO PHARMACEUT CO LTD",NONE,
TECHNICAL UNIVERSITY OF DENMARK,UNIVERSITY,DENMARK
TECHNICAL UNIVERSITY OF MUNICH,UNIVERSITY,GERMANY
TECHNION RESEARCH,UNIVERSITY,ISRAEL
"TECHULON INC.; BLACKSBURG, VA",NATIONAL,US
TEELEOSTIN LIMITED,NATIONAL,AUSTRALIA
TEIJIN LIMITED,MULTINATIONAL,JAPAN
TEIJIN LTD,MULTINATIONAL,JAPAN
TEL HASHOMER MEDICAL RESEARCH INFRASTRUCTURE AND SERVICES LTD,UNIVERSITY,ISRAEL
TEL HASHOMER MEDICAL RESEARCH INFRASTRUCTURE AND SERVICES LTD. (IL),UNIVERSITY,ISRAEL
TEL HASHOMER MEDICAL RESEARCH INFRASTRUCTURE AND SERVICES LTD.; RAMAT-GAN,UNIVERSITY,ISRAEL
TELESIS BIO,NATIONAL,US
TEMASEK LIFE SCIENCES LABORATORY LIMITED; SINGAPORE,UNIVERSITY,SINGAPORE
TEMPLE UNIVERSITY,UNIVERSITY,US
"TENAYA THERAPEUTICS, INC",NATIONAL,US
TERACLON,NATIONAL,SPAIN
TERRAMARK MARKENCREATION GMBH,NATIONAL,GERMANY
THE ASAN FOUNDATION,OTHER,US
"THE BOARD OF TRUSTEES OF THE LELAND STANFORD JUNIOR UNIVERSITY; PALO ALTO, CA",UNIVERSITY,US
THE BROAD INSTITUTE,UNIVERSITY,US
THE CATHOLIC UNIVERSITY OF KOREA INDUSTRY-ACADEMIC COOPERATION FOUNDATION,UNIVERSITY,SOUTH KOREA
THE CHINESE UNIVERSITY OF HONG KONG,UNIVERSITY,HONG KONG SAR
"THE CHUGOKU ELECTRIC POWER CO INC,HIROSHIMA UNIVERSITY",NONE,
THE DEPARTMENT OF VETERANS AFFAIRS,GOVERNMENT,US
"THE GEORGE WASHINGTON UNIVERSITY; WASHINGTON, DC",UNIVERSITY,US
THE HORTICULTURE AND FOOD RESEARCH INSTITUTE OF NEW ZEALAND LIMITED,UNIVERSITY,NEW ZEALAND
THE INDUSTRY & ACADEMIC COOPERATION IN CHUNGNAM NATIONAL UNIVERSITY (IAC),UNIVERSITY,SOUTH KOREA
THE JOHNSON & JOHNSON,MULTINATIONAL,US
THE METEX GROUP,NATIONAL,FRANCE
"THE METROHEALTH SYSTEM; CLEVELAND, OH; US;",OTHER,US
THE McCLAY FOUNDATION,MULTINATIONAL,UK
THE NETHERLANDS CANCER INSTITUTE,UNIVERSITY,NETHERLANDS
THE NEW ZEALAND INSTITUTE FOR PLANT AND FOOD RESEARCH LIMITED; AUCKLAND,UNIVERSITY,NEW ZEALAND
THE OHIO STATE INNOVATION FOUND,OTHER,US
"THE OHIO STATE UNIVERSITY RESEARCH FOUNDATION,MICHAEL K CHAN,MANOJ S NAIR, MARIANNE M LEE",NONE,
THE PROCTER & GAMBLE,MULTINATIONAL,US
THE ROCKEFELLER UNIVERSITY,UNIVERSITY,US
THE SALK INSTITUTE FOR BIOLOGICAL STUDIES,UNIVERSITY,US
"THE SCHEPENS EYE RESEARCH INSTITUTE; BOSTON, MA",UNIVERSITY,US
THE SECRETARY OF AGRICULTURE,GOVERNMENT,US
THE SECRETARY OF STATE FOR DEFENCE,GOVERNMENT,US
THE SECRETARY OF THE NAVY,GOVERNMENT,US
"THE TRANSLATIONAL GENOMICS RESEARCH INSTITUTE; PHOENIX, AZ",NATIONAL,US
"THE UNITED STATES OF AMERICA AS REPRESENTED BY THE SECRETARY DEPARTMENT OF HEALTH AND HUMAN SERVICES,BARNEY S GRAHAM,MASARU KANEKIYO,HADI M YASSINE",NONE,
THE UNIVERSITY MEDICAL CENTER UTRECHT,OTHER,NETHERLANDS
THE UNIVERSITY OF ARKANSAS,UNIVERSITY,US
THE UNIVERSITY OF CHICAGO,UNIVERSITY,US
"THE UNIVERSITY OF GEORGIA RESEARCH FOUNDATION, INC (US)",NONE,
THE UNIVERSITY OF HONG KONG,UNIVERSITY,HONG KONG SAR
THE UNIVERSITY OF NEWCASTLE (GB),UNIVERSITY,UK
THE UNIVERSITY OF NORTH CAROLINA AT CHAPEL HILL,UNIVERSITY,US
THE UNIVERSITY OF QUEENSLAND,UNIVERSITY,US
"THE UNIVERSITY OF TOKUSHIMA,ONCOTHERAPY SCIENCE INC",UNIVERSITY,JAPAN
THE UNIVERSITY OF YORK,UNIVERSITY,UK
THERAPHAGE INC.; KITCHENER,NATIONAL,CANADA
THERAPTEN BIOSCIENCES INC.; KELOWNA,NATIONAL,CANADA
THERAVALUES CORPORATION; TOKYO; JP;,NATIONAL,JAPAN
THERMO FISHER SCIENTIFIC,MULTINATIONAL,US
THERMOSTABLE ENZYME LABORATORY,NATIONAL,JAPAN
"THIRY, MICHEL",NONE,
THOMAS JEFFERSON UNIVERSITY (US),UNIVERSITY,US
"THOMAS JOSEPH LOGAN,KATHERINE GALVIN,MIYOUNG CHUN",NONE,
"TIANJIN INSTITUTE OF INDUSTRIAL BIOTECHNOLOGY, CHINESE ACADEMY OF SCIENCES",NONE,
"TIMOTHY J O'BRIEN,LOWELL J UNDERWOOD",NONE,
TODD DANIEL (GB); WESTON JONATHAN (GB); AKZO NOBEL NV (NL),NONE,
TOHOKU TECHNO ARCH CO LTD,NATIONAL,JAPAN
TOHOKU UNIVERSITY,UNIVERSITY,JAPAN
TOKAI UNIVERSITY,UNIVERSITY,JAPAN
TOKIO INSTITUTE OF TECHNOLOGY,UNIVERSITY,JAPAN
TOKYO GAS CO LTD,MULTINATIONAL,JAPAN
TOKYO MEDICAL AND DENTAL UNIVERSITY,UNIVERSITY,JAPAN
TOKYO METROPOLITAN ORGANIZATION FOR MEDICAL RESEARCH,UNIVERSITY,JAPAN
TOKYO UNIVERSITY,UNIVERSITY,JAPAN
TOKYO UNIVERSITY OF AGRICULTURE AND TECHNOLOGY,UNIVERSITY,JAPAN
TOKYO UNIVERSITY OF MARINE SCIENCE AND TECHNOLOGY,UNIVERSITY,JAPAN
TOKYO UNIVERSITY OF SCIENCE,UNIVERSITY,JAPAN
"TOPGENIX, INC.; MENLO PARK, CA",NATIONAL,US
TORAY,MULTINATIONAL,JAPAN
TOSOH CORPORATION,MULTINATIONAL,JAPAN
TOTAL,MULTINATIONAL,FRANCE
TOTO LTD,MULTINATIONAL,JAPAN
TOUCHLIGHT GENETICS LTD [GB],NATIONAL,UK
"TOWA KAGAKU CO LTD, INCORPORATED ADMINISTRATIVE AGENCY FISHERIES REASEARCH AGENCY",NONE,
TOYAMA PREFECTURAL UNIVERSITY,UNIVERSITY,JAPAN
TOYAMA PREFECTURE,GOVERNMENT,JAPAN
TOYOBO CO LTD,MULTINATIONAL,JAPAN
TOYOHASHI UNIVERSITY OF TECHNOLOGY,UNIVERSITY,JAPAN
TOYOTA,MULTINATIONAL,JAPAN
TRANSALGAE LTD,NATIONAL,ISRAEL
TRANSGENRX INC,NATIONAL,US
"TRANSMED GOTHENBURG AB [SE], LYCKE NILS [SE]",NONE,
TRANSSCIENCE,NATIONAL,JAPAN
"TRELLIS BIOSCIENCE, LLC; MENLO PARK, CA",NATIONAL,US
TROMSO UNIVERSITY,UNIVERSITY,NORWAY
"TROPHOGEN, INC.; ROCKVILLE, MD",NATIONAL,US
TROPIC BIOSCIENCES LTD,NATIONAL,UK
TSINGHUA UNIVERSITY,UNIVERSITY,CHINA
TSUMURA AND CO,MULTINATIONAL,JAPAN
TU DRESDEN,UNIVERSITY,GERMANY
TU WIEN,UNIVERSITY,AUSTRIA
TUAT,UNIVERSITY,JAPAN
TUFTS COLLEGE,UNIVERSITY,US
TWIST BIOSCIENCE CORPORATION,MULTINATIONAL,US
UAB BALTYMAS,NATIONAL,LITHUANIA
UBE INDUSTRIES LTD,NATIONAL,INDIA
UCB,MULTINATIONAL,BELGIUM
UCL,UNIVERSITY,UK
UCL BUSINESS LTD,NATIONAL,UK
UCSF,UNIVERSITY,US
UKHSA,GOVERNMENT,UK
"UMEDA JIMUSHO LTD,HOKKAIDO GOVERNMENT,KATSUNOBU SAKAI,MAKOTO HATAKEYAMA, KEIJI UMEDA,YOSHITAKA NADACHI,MASAHI",NONE,
UNICROP LTD; HELSINKI; FI;,NONE,
UNILEVER,MULTINATIONAL,UK
UNIST ACADEMY-INDUSTRY RESEARCH CORPORATION,UNIVERSITY,SOUTH KOREA
UNITED STATES OF AMERICA,GOVERNMENT,US
UNITIKA LTD,MULTINATIONAL,JAPAN
UNIV ARIZONA [US],UNIVERSITY,US
UNIV BAYREUTH [DE],UNIVERSITY,GERMANY
UNIV BERN [CH],UNIVERSITY,SWITZERLAND
UNIV BIELEFELD [DE],UNIVERSITY,GERMANY
UNIV BRITISH COLUMBIA [CA],UNIVERSITY,CANADA
UNIV DRESDEN TECH [DE],UNIVERSITY,GERMANY
"UNIV EAST ANGLIA [GB], UNIV WASHINGTON THROUGH ITS CT FOR COMMERCIALIZATION [US], MOCK THOMAS [GB], HIPKIN RACHEL ELIZABETH [GB]",NONE,
UNIV EDINBURGH [GB],UNIVERSITY,UK
UNIV GEORGIA,UNIVERSITY,US
UNIV GEORGIA [US],NONE,
UNIV HAINAN [CN],UNIVERSITY,CHINA
UNIV HERIOT WATT [GB],UNIVERSITY,UK
"UNIV JW GOETHE FRANKFURT MAIN [DE], BODE HELGE [DE], BUECHEL CLAUDIA [DE], BARKA FREDERIK [DE], LORENZEN WOLFRAM [DE]",NONE,
UNIV KOREA RES & BUS FOUND [KR],UNIVERSITY,SOUTH KOREA
UNIV KYUSHU NAT UNIV CORP [JP],UNIVERSITY,JAPAN
UNIV LOMA LINDA [US],UNIVERSITY,US
UNIV MARYLAND BIOTECH INST [US],UNIVERSITY,US
UNIV MASSACHUSETTS [US],UNIVERSITY,US
UNIV NANYANG TECH [SG],UNIVERSITY,SINGAPORE
UNIV OF EDINBURGH,UNIVERSITY,UK
UNIV OHIO STATE RES FOUND [US],NONE,
UNIV OREGON [US],UNIVERSITY,US
UNIV OVIEDO [ES],UNIVERSITY,SPAIN
UNIV ROCHESTER [US],UNIVERSITY,US
UNIV ROUEN [FR]; GOVERNMENT OF FRANCE,UNIVERSITY,FRANCE
UNIV ST ANDREWS [GB],UNIVERSITY,UK
UNIV TEXAS [US],UNIVERSITY,US
UNIVERSITAET HAMBURG,UNIVERSITY,GERMANY
UNIVERSITAET REGENSBURG (DE); LUDWIG MAXIMILIANS UNIVERSITAET (DE),UNIVERSITY,GERMANY
UNIVERSITAET ULM (DE),UNIVERSITY,GERMANY
UNIVERSITAT ULM (DE),NONE,
UNIVERSITE CATHOLIQUE DE LOUVAIN (BE); LA DEFENSE NATIONALE (BE),UNIVERSITY,BELGIUM
UNIVERSITE D'AUVERGNE (FR); DIGESTAR (FR),NONE,
UNIVERSITEIT GENT,UNIVERSITY,BELGIUM
UNIVERSITY COLLEGE LONDON (GB); ROYAL HOLLOWAY AND BEDFORD NEW COLLEGE (GB),UNIVERSITY,UK
UNIVERSITY LAVAL,UNIVERSITY,CANADA
UNIVERSITY NANJING,UNIVERSITY,CHINA
UNIVERSITY OF ABERDEEN,UNIVERSITY,UK
UNIVERSITY OF ANTWERP,UNIVERSITY,BELGIUM
UNIVERSITY OF BOLOGNA,UNIVERSITY,ITALY
UNIVERSITY OF BRISTOL,UNIVERSITY,UK
UNIVERSITY OF CALIFORNIA,UNIVERSITY,US
UNIVERSITY OF CAMBRIDGE,UNIVERSITY,UK
UNIVERSITY OF CHILE,UNIVERSITY,CHILE
UNIVERSITY OF COLOGNE,UNIVERSITY,GERMANY
UNIVERSITY OF COLORADO,UNIVERSITY,US
UNIVERSITY OF CONNECTICUT,UNIVERSITY,US
UNIVERSITY OF DUNDEE,UNIVERSITY,UK
UNIVERSITY OF ESSEX,UNIVERSITY,UK
UNIVERSITY OF FLORIDA RESEARCH FOUNDATION INC. (US),UNIVERSITY,US
"UNIVERSITY OF FLORIDA RESEARCH FOUNDATION, INC. (US)",NONE,
UNIVERSITY OF FREIBURG,UNIVERSITY,GERMANY
UNIVERSITY OF FUKUI,UNIVERSITY,JAPAN
UNIVERSITY OF HAWAII,UNIVERSITY,US
UNIVERSITY OF HELSINKI,UNIVERSITY,FINLAND
UNIVERSITY OF ILLINOIS,UNIVERSITY,US
UNIVERSITY OF KENTUCKY,UNIVERSITY,US
UNIVERSITY OF KONSTANZ,UNIVERSITY,GERMANY
UNIVERSITY OF LIEGE,UNIVERSITY,FRANCE
"UNIVERSITY OF LOUISVILLE RESEARCH FOUNDATION, INC.; LOUISVILLE, KY",UNIVERSITY,US
UNIVERSITY OF MASSACHUSETTS,UNIVERSITY,US
UNIVERSITY OF MEDICINE AND DENTISTRY OF NEW JERSEY (US),UNIVERSITY,US
"UNIVERSITY OF MEDICINE AND DENTISTRY OF NEW JERSEY; NEW BRUNSWICK, NJ; US;",UNIVERSITY,US
UNIVERSITY OF MELBOURNE,UNIVERSITY,AUSTRALIA
UNIVERSITY OF MIAMI,UNIVERSITY,US
UNIVERSITY OF MICHIGAN,UNIVERSITY,US
UNIVERSITY OF MINNESOTA,UNIVERSITY,US
UNIVERSITY OF MISSOURI,UNIVERSITY,US
UNIVERSITY OF MIYAZAKI,UNIVERSITY,JAPAN
UNIVERSITY OF MONTPELLIER,UNIVERSITY,FRANCE
UNIVERSITY OF NEW MEXICO,UNIVERSITY,US
UNIVERSITY OF NEW SOUTH WALES,UNIVERSITY,UK
UNIVERSITY OF OKLAHOMA,UNIVERSITY,US
UNIVERSITY OF OSLO,UNIVERSITY,NORWAY
UNIVERSITY OF PENNSYLVANIA,UNIVERSITY,US
UNIVERSITY OF PITTSBURGH,UNIVERSITY,US
UNIVERSITY OF POTSDAM,UNIVERSITY,GERMANY
UNIVERSITY OF SANTIAGO,UNIVERSITY,CHILE
UNIVERSITY OF SANTIAGO DE COMPOSTELA,UNIVERSITY,SPAIN
UNIVERSITY OF SASKATCHEWAN,UNIVERSITY,CANADA
UNIVERSITY OF SEOUL,UNIVERSITY,SOUTH KOREA
UNIVERSITY OF SOUTH FLORIDA,UNIVERSITY,US
UNIVERSITY OF SOUTHERN CALIFORNIA,UNIVERSITY,US
UNIVERSITY OF TECHNOLOGY SYDNEY,UNIVERSITY,AUSTRALIA
UNIVERSITY OF TORONTO,UNIVERSITY,CANADA
UNIVERSITY OF TSUKUBA,UNIVERSITY,JAPAN
UNIVERSITY OF ULSAN FOUNDATION FOR INDUSTRY COOPERATION,UNIVERSITY,SOUTH KOREA
UNIVERSITY OF UTAH,UNIVERSITY,US
UNIVERSITY OF VERSAILLES SAINT-QUENTIN-EN-YVELINES,UNIVERSITY,FRANCE
UNIVERSITY OF VICTORIA,UNIVERSITY,CANADA
UNIVERSITY OF WASHINGTON,UNIVERSITY,US
UNIVERSITY OF WISCONSIN-MADISON,UNIVERSITY,US
"UNIVERSITY OF WYOMING; LARAMIE, WY",UNIVERSITY,US
UNIVERSITY SHEFFIELD,UNIVERSITY,UK
UNIVERSITY-INDUSTRY COOPERATION GROUP OF KYUNG HEE UNIVERSITY,UNIVERSITY,SOUTH KOREA
UPL LIMITED,MULTINATIONAL,INDIA
"URINARY TECHNOLOGIES, INC.; LAKE ELMO, MN",NATIONAL,US
USOVSKO A S,NATIONAL,CHECHIA
UTILIZATION OF CARBON DIOXIDE INSTITUTE,NATIONAL,JAPAN
UTRECHT UNIVERSITY,UNIVERSITY,NETHERLANDS
VACDIAGN BIOTECHNOLOGY CO LTD [CN],NATIONAL,CHINA
VALENTIS INC,NATIONAL,US
VANDERBILT UNIVERSITY,UNIVERSITY,US
VAXIION THERAPEUTICS,NATIONAL,US
VECTRON BIOSOLUTIONS AS; TRONDHEIM,NATIONAL,NORWAY
"VERACYTE, INC",NATIONAL,US
VERDEZYNE INC,NATIONAL,US
VERTEX PHARMACEUTICALS,NATIONAL,US
VETIGEN (FR),NONE,
VIB VZW (BE); UNIVERSITEIT GENT,UNIVERSITY,BELGIUM
VIRIDOS,NATIONAL,US
"VIROMED CO., LTD",NONE,
VISTEC,UNIVERSITY,THAILAND
VIVA BIOTECH HOLDINGS,MULTINATIONAL,CHINA
VIVORYON,NATIONAL,GERMANY
VOYAGER THERAPEUTICS INC [US],NATIONAL,US
VRIJE UNIV BRUSSEL [BE],UNIVERSITY,BELGIUM
"WADA RINGYO CORPORATION,TOSHIHISA OHSHIMA,SHUICHIRO GODA",NONE,
WAGENINGEN UNIVERSOTY,UNIVERSITY,NETHERLANDS
WAKE FOREST UNIVERSITY,UNIVERSITY,US
"WALTHER, BERNT TH (NO); MIFTARI, MIR SHE (NO)",NONE,
WASHINGTON UNIVERSITY IN ST. LOUIS,UNIVERSITY,US
"WAYNE STATE UNIVERSITY; DETROIT, MI",UNIVERSITY,US
WELLCOME SANGER INSTITUTE,UNIVERSITY,UK
"WERNER K GEURSTEN,WERNER E G MUELLER,HEINZ C SCHROEDER",NONE,
WEST CHINA MEDICAL CENTER,UNIVERSITY,CHINA
"WEUSTER-BOTZ, DIRK (DE); HAVEL, JAN (DE); HOLSCH, KATHRIN (DE)",NONE,
WHITEHEAD INSTITUTE FOR BIOMEDICAL RESEARCH (US),UNIVERSITY,US
WISCONSIN ALUMNI RESEARCH FOUNDATION (US),UNIVERSITY,US
"WOODS HOLE OCEANOGRAPHIC INSTITUTION; WOODS HOLE, MA",UNIVERSITY,US
"WYETH; MADISON, NJ; US;",NONE,
XBRANE BIOSCIENCE AB; STOCKHOLM,NATIONAL,SWEDEN
"XENON PHARMACEUTICALS INC.; VANCOUVER, BRITISH COLOMBIA; CA;",NATIONAL,CANADA
YAKULT HONSHA CO LTD,MULTINATIONAL,JAPAN
YALE UNIVERSITY,UNIVERSITY,US
YAMAGUCHI UNIVERSITY,UNIVERSITY,JAPAN
"YAMAGUCHI UNIVERSITY,YANAGIYA MACHINERY CO LTD",NONE,
YAMASA CORPORATION,MULTINATIONAL,JAPAN
"YANTAI JU JIE BIOENGINEERING LIMITED COMPANY; YANTAI, SHANDONG",NATIONAL,CHINA
YEDA,UNIVERSITY,ISRAEL
YLAE HERTTUALA SEPPO (FI); MARTIN JOHN FRANCIS (GB),NONE,
"YUTAKA TAMARU,SHINICHI AKIYAMA",NONE,
"ZACHARY Q BECK,JEFFREY W MUNOS,DEREK H WELLS,JIAN YAO",NONE,
ZAKRYTOE AKTSIONERNOE OBSCHESTVO 'EVROGEN' (RU),NONE,
"ZALTSMAN, ADI",NONE,
"ZENSUN (SHANGHAI) SCI & TECH CO., LTD",NATIONAL,CHINA
ZUCHEM INC [US],NATIONAL,US
